fecha,hora,pm2_5,pm10,co,no2,o3
2025-01-01,5,44.2,18.8,1.05,103.0,154.6
2025-01-01,6,33.6,48.6,1.94,61.8,166.6
2025-01-01,8,62.4,76.7,0.33,23.6,77.4
2025-01-01,9,32.5,59.9,1.14,75.9,37.5
2025-01-01,19,16.4,113.8,0.54,107.5,155.2
2025-01-01,20,9.7,28.3,1.12,93.4,146.0
2025-01-02,3,75.5,109.7,0.17,118.3,50.9
2025-01-02,6,65.7,78.6,1.02,75.1,142.1
2025-01-02,7,56.4,82.0,0.53,95.9,150.0
2025-01-02,9,54.5,53.7,1.01,25.5,176.9
2025-01-02,16,43.1,78.9,0.64,19.5,61.6
2025-01-03,3,16.3,108.6,0.5,78.1,57.7
2025-01-03,10,67.6,68.5,1.13,90.7,32.8
2025-01-03,23,68.0,101.1,1.31,105.6,38.7
2025-01-04,6,26.3,118.6,1.59,77.4,74.0
2025-01-04,11,23.5,32.5,1.47,112.8,106.4
2025-01-04,15,72.9,65.3,0.74,68.9,79.9
2025-01-04,18,45.0,14.1,0.99,48.5,100.9
2025-01-04,19,14.1,101.1,1.15,98.8,90.5
2025-01-05,2,62.1,97.5,1.91,110.7,34.3
2025-01-05,4,68.8,30.2,0.2,13.2,35.7
2025-01-05,8,60.7,23.5,1.86,61.3,64.8
2025-01-05,12,30.3,15.5,1.02,62.6,69.6
2025-01-05,13,60.9,54.8,0.85,33.0,164.1
2025-01-06,3,5.4,87.8,1.98,116.7,62.1
2025-01-06,13,20.0,81.5,0.12,91.4,99.7
2025-01-06,16,66.7,66.1,0.39,115.0,61.4
2025-01-07,1,8.9,13.9,1.14,115.6,139.5
2025-01-07,12,30.6,108.7,1.03,92.9,175.7
2025-01-07,16,73.5,85.9,0.13,25.2,126.2
2025-01-08,4,48.0,113.6,0.29,118.6,38.6
2025-01-08,5,34.6,60.2,1.82,79.4,170.2
2025-01-08,6,33.3,105.8,0.81,86.4,25.8
2025-01-08,9,14.9,110.4,1.93,85.5,95.6
2025-01-08,14,43.7,20.2,0.36,32.1,127.1
2025-01-08,18,17.3,114.6,0.57,82.9,24.7
2025-01-09,1,52.2,69.4,1.74,86.2,125.4
2025-01-09,3,48.1,23.9,0.41,38.5,55.0
2025-01-09,7,33.8,75.7,0.15,10.7,170.2
2025-01-09,9,17.7,119.0,1.96,112.4,31.8
2025-01-09,11,31.1,52.4,0.99,47.9,100.8
2025-01-09,12,54.7,14.3,1.34,32.9,178.3
2025-01-09,13,17.6,92.5,0.18,84.9,49.2
2025-01-09,15,59.2,59.5,0.46,63.0,83.1
2025-01-10,5,51.2,17.0,0.82,27.9,23.8
2025-01-10,7,11.7,115.3,0.28,37.4,110.5
2025-01-10,13,45.5,104.0,1.76,59.4,48.3
2025-01-10,16,29.9,71.7,0.25,76.6,43.8
2025-01-10,18,39.7,86.0,1.15,63.8,90.4
2025-01-10,19,7.7,48.3,1.24,34.2,130.2
2025-01-11,3,6.9,73.8,1.73,108.7,62.7
2025-01-11,17,37.7,37.9,1.76,44.1,85.9
2025-01-11,22,15.7,36.5,1.42,55.9,159.8
2025-01-11,23,23.9,43.9,0.56,25.7,27.1
2025-01-12,11,42.3,114.7,0.44,44.0,21.4
2025-01-12,20,48.1,10.7,0.46,98.5,69.1
2025-01-13,3,39.7,20.5,0.3,103.9,105.5
2025-01-13,7,78.4,11.0,1.75,16.2,49.6
2025-01-13,12,78.2,52.5,1.78,105.7,76.4
2025-01-13,15,72.5,62.8,1.2,63.9,146.2
2025-01-13,19,46.4,105.2,0.25,80.0,169.8
2025-01-13,21,21.2,65.5,1.83,73.3,58.9
2025-01-14,8,65.8,62.9,1.32,22.2,140.2
2025-01-14,14,20.9,63.2,1.33,44.5,73.9
2025-01-14,18,75.1,56.9,1.22,11.0,178.6
2025-01-14,20,49.1,75.4,1.94,99.2,64.2
2025-01-14,23,51.8,80.5,0.81,36.1,169.0
2025-01-15,2,65.1,104.0,0.51,18.0,151.4
2025-01-15,17,74.5,26.7,1.61,19.1,112.6
2025-01-15,22,54.7,82.0,0.76,45.0,177.7
2025-01-16,4,40.8,107.5,1.95,64.7,158.8
2025-01-16,9,23.9,74.2,0.98,20.5,115.9
2025-01-16,17,79.2,98.9,0.37,35.3,174.9
2025-01-16,18,28.2,103.1,0.8,109.2,85.4
2025-01-16,19,40.0,108.1,1.94,36.3,173.9
2025-01-17,13,40.4,13.1,1.5,31.1,123.5
2025-01-17,15,52.2,44.2,1.5,56.4,82.1
2025-01-18,10,72.4,110.5,1.65,20.8,136.3
2025-01-18,11,54.5,49.0,1.53,22.0,86.4
2025-01-19,3,56.0,49.2,1.81,63.6,121.4
2025-01-19,4,39.3,92.8,0.56,95.0,143.5
2025-01-19,7,70.7,83.6,1.07,115.1,55.4
2025-01-19,22,39.3,96.6,1.72,61.2,132.4
2025-01-19,23,70.2,76.8,0.46,87.3,22.5
2025-01-20,0,48.5,73.4,0.33,94.3,169.5
2025-01-20,15,75.1,86.0,1.6,18.8,55.9
2025-01-20,17,37.2,52.9,1.11,51.1,77.5
2025-01-20,19,25.9,76.4,1.27,36.3,164.6
2025-01-20,22,38.2,93.1,1.83,102.9,153.1
2025-01-21,1,68.6,102.0,1.51,33.9,131.2
2025-01-21,3,60.5,111.5,1.58,53.6,145.4
2025-01-21,4,60.4,43.1,0.36,71.8,67.0
2025-01-21,7,59.3,19.6,0.32,37.3,127.0
2025-01-21,14,79.6,113.9,1.81,106.1,57.4
2025-01-21,19,22.6,56.5,0.46,119.4,105.6
2025-01-22,0,53.1,17.8,0.77,63.8,113.1
2025-01-22,3,19.1,67.5,1.23,32.8,179.3
2025-01-22,4,37.2,19.7,0.47,67.3,48.4
2025-01-22,6,68.6,35.0,0.99,99.5,21.7
2025-01-22,8,47.8,56.2,0.24,116.3,86.3
2025-01-22,10,77.7,75.9,1.32,58.5,49.1
2025-01-23,12,10.7,105.3,1.89,48.0,81.0
2025-01-23,13,29.6,99.3,1.42,109.9,68.5
2025-01-23,19,75.4,48.7,0.79,78.9,102.3
2025-01-24,0,64.8,114.8,0.2,103.8,59.8
2025-01-24,16,27.8,115.9,0.46,34.2,62.9
2025-01-25,13,44.6,68.0,1.77,95.7,59.1
2025-01-25,15,47.3,72.3,0.38,110.5,83.3
2025-01-25,22,13.5,49.4,1.43,81.8,131.5
2025-01-26,2,46.8,34.2,0.93,43.7,107.2
2025-01-26,3,61.5,26.2,1.94,57.1,73.5
2025-01-26,5,57.2,83.5,1.54,22.1,64.5
2025-01-26,12,13.5,93.9,0.95,77.9,20.6
2025-01-26,17,67.7,77.3,1.26,85.7,40.4
2025-01-26,23,27.3,34.1,0.19,25.6,22.9
2025-01-27,1,50.6,65.9,1.5,83.7,66.0
2025-01-27,4,67.5,50.0,0.63,35.2,118.2
2025-01-27,9,68.5,21.9,0.46,51.0,75.3
2025-01-27,11,30.0,99.6,0.17,54.4,26.4
2025-01-27,12,49.2,70.6,0.17,52.4,167.9
2025-01-27,17,41.7,70.2,0.79,103.9,52.2
2025-01-28,0,29.0,112.4,0.85,110.6,137.9
2025-01-28,6,29.3,68.4,1.54,68.7,27.3
2025-01-28,10,51.3,72.7,1.12,60.7,102.4
2025-01-28,21,54.8,81.2,1.46,48.2,72.7
2025-01-29,4,13.0,85.0,1.39,47.9,105.4
2025-01-29,6,55.7,106.0,1.81,83.1,168.4
2025-01-29,12,58.5,45.3,0.25,106.1,32.4
2025-01-29,14,25.1,65.9,1.06,69.5,55.4
2025-01-29,17,11.0,50.9,0.37,63.6,56.8
2025-01-30,23,48.0,114.9,1.66,81.5,117.9
2025-01-31,1,21.0,74.0,0.46,31.8,83.0
2025-01-31,9,51.2,119.6,1.82,86.0,142.4
2025-01-31,11,19.0,17.1,0.93,67.7,52.7
2025-01-31,16,50.3,75.3,1.21,111.2,40.3
2025-01-31,22,17.4,17.3,1.33,99.0,81.7
2025-02-01,0,39.7,105.1,0.25,111.9,147.3
2025-02-01,5,69.0,48.2,1.62,50.5,112.3
2025-02-01,6,69.2,111.5,0.8,29.1,56.0
2025-02-01,9,5.9,107.9,1.69,86.3,115.6
2025-02-01,10,8.3,33.0,0.3,104.3,149.3
2025-02-01,11,7.5,21.7,1.67,31.9,21.1
2025-02-01,16,75.7,41.5,1.38,13.4,98.0
2025-02-01,18,41.8,11.7,1.45,53.6,63.9
2025-02-02,7,57.7,99.8,0.81,18.9,118.5
2025-02-02,14,21.2,23.1,1.19,10.6,176.2
2025-02-02,22,68.5,34.9,0.12,81.0,37.1
2025-02-03,3,75.1,81.4,0.63,102.1,143.5
2025-02-03,4,51.4,55.0,0.23,76.4,29.1
2025-02-03,9,6.5,80.2,0.38,17.4,118.4
2025-02-03,10,34.2,119.3,0.11,17.6,100.1
2025-02-03,16,63.0,58.7,1.71,75.7,39.8
2025-02-03,19,77.0,29.8,1.41,54.7,131.8
2025-02-03,20,20.8,73.1,1.13,67.5,40.8
2025-02-03,23,21.4,38.3,0.17,25.0,144.4
2025-02-04,7,55.7,38.1,0.35,103.3,72.5
2025-02-04,11,9.5,41.7,1.95,39.4,79.1
2025-02-04,22,73.6,82.3,0.59,103.9,113.1
2025-02-05,6,72.0,20.5,0.74,111.5,141.3
2025-02-05,11,68.5,24.9,1.88,16.1,47.1
2025-02-05,17,55.6,81.5,0.57,71.8,156.8
2025-02-05,18,70.5,106.7,1.92,22.0,172.8
2025-02-05,19,8.7,81.0,0.25,104.8,29.2
2025-02-05,21,13.7,62.1,1.92,49.6,174.5
2025-02-06,3,75.1,18.3,1.93,99.2,123.3
2025-02-06,5,49.6,28.2,1.41,112.1,110.0
2025-02-06,17,77.8,41.5,1.03,60.0,84.9
2025-02-06,18,6.5,30.1,0.65,111.7,80.2
2025-02-07,6,26.8,71.2,1.97,108.5,149.2
2025-02-07,8,78.9,119.0,0.12,82.8,161.1
2025-02-07,10,60.4,13.5,0.73,22.4,77.1
2025-02-07,11,71.7,71.1,1.04,84.7,81.7
2025-02-07,23,76.3,24.8,1.76,96.3,142.0
2025-02-08,5,71.3,43.0,1.64,112.4,48.7
2025-02-08,9,59.0,70.8,1.12,70.8,83.7
2025-02-09,7,76.3,38.7,1.76,20.6,178.4
2025-02-09,19,58.5,80.9,0.25,17.3,26.2
2025-02-09,21,59.2,65.6,1.71,62.3,167.9
2025-02-10,3,59.0,80.3,1.16,38.4,159.2
2025-02-10,16,78.2,49.9,1.99,60.2,27.5
2025-02-10,23,60.4,119.4,1.97,53.2,115.4
2025-02-11,3,34.9,105.7,0.73,12.8,73.0
2025-02-11,4,37.1,95.4,1.82,58.0,26.0
2025-02-11,7,77.6,21.6,1.32,54.4,120.6
2025-02-11,12,74.9,73.3,1.29,43.6,177.9
2025-02-11,13,15.0,27.8,1.83,98.4,178.1
2025-02-12,3,18.1,102.6,1.25,116.6,129.5
2025-02-12,4,52.8,11.0,1.16,27.1,47.9
2025-02-12,7,66.1,35.7,0.58,110.4,21.9
2025-02-12,10,30.9,118.5,1.34,78.9,116.0
2025-02-12,15,27.4,59.2,0.92,57.9,74.6
2025-02-12,19,43.0,50.5,1.62,43.6,136.7
2025-02-12,21,60.5,53.3,0.75,30.8,107.1
2025-02-13,13,31.3,110.6,0.34,24.8,26.6
2025-02-13,16,42.3,104.5,1.31,72.1,144.7
2025-02-14,1,39.0,98.4,0.12,75.5,125.5
2025-02-14,5,72.4,106.6,0.14,74.8,115.5
2025-02-14,9,6.7,93.8,0.47,56.7,140.1
2025-02-14,10,11.0,101.9,0.58,18.9,142.9
2025-02-14,12,7.8,94.6,0.51,71.3,97.5
2025-02-14,22,17.6,50.5,0.11,38.6,94.7
2025-02-15,14,60.9,25.7,0.91,100.8,105.9
2025-02-15,19,67.7,83.0,1.66,98.4,171.6
2025-02-15,20,69.5,72.0,1.95,36.0,49.4
2025-02-15,22,65.5,79.6,1.15,101.3,59.4
2025-02-15,23,12.6,32.7,0.96,35.3,98.0
2025-02-16,2,74.0,18.6,0.97,61.3,143.9
2025-02-16,4,8.9,98.2,0.99,100.2,153.1
2025-02-16,10,5.5,35.0,1.31,104.7,157.4
2025-02-16,12,22.1,108.7,0.75,85.5,33.2
2025-02-16,19,23.4,28.2,1.14,93.6,168.4
2025-02-17,11,64.5,43.2,0.56,114.3,144.0
2025-02-17,18,23.3,35.2,0.91,110.3,43.6
2025-02-17,22,23.3,116.7,0.38,115.0,76.9
2025-02-18,3,40.0,23.5,1.41,49.2,166.7
2025-02-18,18,19.8,84.6,0.5,17.8,41.3
2025-02-19,0,20.0,110.8,0.61,102.3,111.5
2025-02-19,7,30.2,41.9,1.61,44.2,27.9
2025-02-19,9,70.5,70.1,1.22,104.4,90.8
2025-02-19,18,46.2,91.3,1.07,110.4,41.0
2025-02-19,22,28.9,66.3,1.63,82.3,65.5
2025-02-20,1,41.4,27.1,1.82,75.8,120.6
2025-02-20,5,71.7,79.2,1.88,17.5,133.1
2025-02-20,12,64.9,114.7,0.27,38.3,92.0
2025-02-21,8,25.0,99.6,0.68,81.8,33.8
2025-02-21,10,5.7,50.2,1.83,101.4,161.9
2025-02-21,15,15.7,69.1,0.81,13.0,126.1
2025-02-21,17,40.1,78.7,1.54,77.8,35.2
2025-02-21,23,64.7,48.0,1.5,99.2,114.5
2025-02-22,1,10.4,110.5,0.47,45.8,137.2
2025-02-22,4,10.3,113.6,1.9,46.1,166.8
2025-02-22,11,68.5,34.6,1.04,92.8,62.8
2025-02-22,15,18.8,109.7,0.47,86.0,51.5
2025-02-22,16,7.6,60.9,0.62,56.7,152.2
2025-02-23,1,79.9,93.5,0.13,112.8,63.0
2025-02-23,5,33.3,94.0,1.18,13.1,72.7
2025-02-23,8,60.5,68.5,0.2,29.5,82.3
2025-02-23,9,21.1,10.1,0.82,107.4,23.3
2025-02-23,12,23.2,30.2,0.8,55.8,49.4
2025-02-23,14,23.1,101.0,0.25,52.5,102.4
2025-02-23,16,68.0,54.8,1.34,61.5,72.3
2025-02-23,18,62.8,81.4,0.53,115.4,159.0
2025-02-23,23,9.4,86.9,0.8,66.4,25.3
2025-02-24,4,10.9,13.6,1.61,44.3,129.8
2025-02-24,8,71.7,68.9,1.97,12.6,41.4
2025-02-24,14,56.2,117.8,1.95,105.2,148.0
2025-02-25,8,78.1,110.1,0.57,82.0,147.4
2025-02-26,6,6.9,112.3,0.7,15.8,75.5
2025-02-26,7,73.0,14.8,1.96,101.5,44.1
2025-02-26,10,12.0,101.4,1.69,91.4,60.3
2025-02-26,12,76.0,91.6,1.67,107.3,167.7
2025-02-26,14,37.6,94.7,1.18,104.6,84.5
2025-02-26,19,9.5,103.4,1.7,37.9,176.0
2025-02-26,20,32.7,119.6,0.94,93.9,60.0
2025-02-26,22,17.5,24.3,1.79,63.6,45.8
2025-02-27,0,45.2,81.8,1.97,82.5,159.0
2025-02-27,9,5.0,46.0,1.92,19.4,73.8
2025-02-27,20,35.9,61.4,0.17,45.3,48.2
2025-02-28,1,13.8,92.7,0.19,60.1,24.8
2025-02-28,3,13.9,16.1,0.6,65.5,48.1
2025-02-28,5,79.7,40.8,1.33,101.4,68.1
2025-02-28,8,28.7,86.9,0.57,60.5,64.0
2025-02-28,19,76.7,66.8,0.92,73.2,56.6
2025-02-28,22,22.7,51.9,1.63,42.6,139.7
2025-03-01,10,10.6,39.0,0.15,44.2,36.6
2025-03-01,14,38.5,16.6,0.3,76.5,73.9
2025-03-02,2,42.4,105.5,0.45,39.0,154.2
2025-03-02,6,33.2,52.6,1.63,118.9,92.7
2025-03-02,10,38.7,46.4,0.71,14.2,109.1
2025-03-02,15,42.8,38.5,1.17,70.8,126.9
2025-03-02,22,68.9,45.7,0.34,32.3,29.5
2025-03-02,23,22.6,30.6,1.64,116.3,21.8
2025-03-03,3,52.1,72.9,1.64,91.5,83.2
2025-03-03,4,74.3,113.0,1.95,81.9,99.4
2025-03-03,7,21.9,114.3,1.8,34.0,167.4
2025-03-03,13,23.4,76.8,1.25,43.4,56.4
2025-03-03,17,32.6,105.1,1.8,101.4,96.5
2025-03-03,19,32.2,85.4,1.03,18.3,157.8
2025-03-03,20,33.7,98.4,1.18,116.6,78.9
2025-03-03,22,44.6,37.6,1.85,88.9,178.6
2025-03-04,1,76.6,51.7,1.02,19.9,101.0
2025-03-04,3,78.9,77.5,0.18,94.3,65.9
2025-03-04,5,43.5,82.8,0.52,21.0,167.4
2025-03-04,12,61.5,104.5,1.51,62.6,129.9
2025-03-04,13,34.5,52.8,0.34,42.2,116.1
2025-03-04,21,20.7,74.2,1.42,20.1,64.2
2025-03-05,7,69.3,60.4,1.4,58.6,99.4
2025-03-06,3,69.6,27.7,1.86,105.9,81.4
2025-03-06,4,38.0,83.1,0.64,91.4,22.6
2025-03-06,10,21.1,92.2,1.3,95.0,105.7
2025-03-06,11,43.7,41.1,1.17,15.3,37.8
2025-03-06,13,79.9,99.8,0.3,10.0,48.7
2025-03-06,23,30.0,103.9,1.18,83.2,98.9
2025-03-07,4,55.0,18.3,1.07,116.5,30.0
2025-03-07,6,35.9,43.8,1.38,14.1,164.6
2025-03-07,8,58.2,15.9,1.45,118.0,97.3
2025-03-07,10,17.6,105.5,1.0,73.6,100.0
2025-03-07,13,70.5,80.1,0.61,16.8,23.0
2025-03-07,21,56.3,34.1,1.55,30.8,159.7
2025-03-07,22,16.5,72.4,1.83,19.6,172.2
2025-03-08,5,74.1,18.1,0.57,101.2,68.1
2025-03-08,21,68.7,72.2,1.71,57.9,86.1
2025-03-09,2,34.1,62.7,1.39,88.3,176.4
2025-03-09,12,68.8,52.3,1.29,99.6,51.5
2025-03-09,17,28.8,120.0,0.6,79.2,95.3
2025-03-09,20,48.0,100.2,1.16,88.2,159.0
2025-03-09,23,65.6,114.3,1.46,43.4,145.2
2025-03-10,9,78.1,61.3,1.49,67.8,131.3
2025-03-11,4,70.2,96.5,1.45,76.0,47.5
2025-03-11,6,41.9,62.2,0.83,39.7,22.3
2025-03-11,11,40.2,70.7,1.86,50.1,167.3
2025-03-11,12,32.5,32.5,0.39,88.6,135.8
2025-03-11,16,37.2,75.9,1.9,69.8,24.7
2025-03-11,20,37.7,118.6,1.06,59.5,40.1
2025-03-12,0,22.4,56.4,0.12,79.1,127.7
2025-03-12,9,32.5,91.5,1.25,24.0,149.4
2025-03-12,12,16.4,34.6,0.77,32.4,110.6
2025-03-12,14,78.8,115.3,1.89,15.5,160.1
2025-03-13,9,15.9,95.3,0.92,80.0,144.4
2025-03-13,11,32.1,78.8,1.39,80.3,178.2
2025-03-13,14,38.4,35.8,0.62,79.5,60.3
2025-03-13,15,36.5,41.4,0.61,44.8,108.1
2025-03-13,19,5.7,13.6,0.9,92.9,35.6
2025-03-14,0,27.3,63.4,1.02,92.0,144.7
2025-03-14,2,55.5,57.7,0.52,107.2,155.3
2025-03-14,3,24.0,87.3,1.15,103.7,47.3
2025-03-15,1,8.1,86.4,1.42,82.3,167.5
2025-03-15,2,42.1,47.6,1.29,49.6,41.0
2025-03-16,7,48.4,96.3,1.12,23.5,114.3
2025-03-16,11,15.3,62.5,0.33,70.5,93.8
2025-03-16,16,20.7,88.9,0.46,63.9,85.6
2025-03-17,5,23.3,91.8,1.67,19.4,124.3
2025-03-17,7,31.4,59.9,0.54,112.6,101.3
2025-03-17,12,50.5,81.4,0.98,37.4,140.2
2025-03-17,13,53.4,22.9,0.68,89.7,173.0
2025-03-18,2,56.3,114.3,1.77,60.0,160.0
2025-03-18,15,58.5,71.4,1.95,41.7,24.7
2025-03-18,22,73.9,109.5,0.85,109.1,152.2
2025-03-18,23,30.8,32.1,0.65,96.9,91.3
2025-03-19,11,9.0,58.5,0.88,101.8,89.1
2025-03-19,16,56.1,115.4,0.67,49.6,163.1
2025-03-19,17,10.9,47.2,1.66,32.6,73.1
2025-03-19,22,41.4,97.6,0.88,92.6,41.9
2025-03-20,3,42.3,103.0,1.39,55.3,103.2
2025-03-20,4,43.5,64.2,0.47,80.1,135.6
2025-03-20,6,48.7,28.3,1.89,71.8,28.3
2025-03-20,7,56.1,95.5,1.77,14.8,77.9
2025-03-20,20,50.6,35.8,1.97,13.7,50.5
2025-03-21,6,78.1,97.2,0.19,101.9,52.2
2025-03-21,9,56.0,47.9,1.49,83.5,143.6
2025-03-21,15,37.9,37.4,0.46,109.7,83.3
2025-03-22,1,55.3,33.1,0.44,110.9,114.7
2025-03-22,3,77.0,80.5,0.64,116.2,97.9
2025-03-22,12,14.3,38.2,1.47,97.5,41.2
2025-03-22,15,33.0,41.1,1.75,109.3,74.7
2025-03-22,16,24.3,16.4,0.23,20.8,150.6
2025-03-22,18,7.9,53.7,0.88,58.3,141.8
2025-03-22,21,60.0,10.2,1.55,64.4,96.1
2025-03-22,23,20.6,80.2,1.98,97.8,173.1
2025-03-23,11,23.2,34.3,0.72,110.5,126.3
2025-03-23,20,74.4,82.3,0.61,88.2,40.2
2025-03-24,5,34.4,90.1,0.98,76.1,139.7
2025-03-24,17,61.0,33.7,0.35,25.0,121.6
2025-03-25,9,37.4,86.5,1.94,35.8,106.2
2025-03-25,14,62.0,111.1,0.12,111.7,48.3
2025-03-25,20,75.2,39.3,1.74,82.3,103.9
2025-03-26,7,63.9,40.7,1.5,63.7,119.5
2025-03-26,11,53.9,86.0,1.68,113.9,65.3
2025-03-26,14,29.8,87.4,0.8,67.6,84.6
2025-03-26,16,55.6,86.2,0.59,20.0,177.5
2025-03-26,20,48.3,72.4,1.51,81.9,155.4
2025-03-27,3,6.3,76.8,1.6,26.5,135.9
2025-03-27,6,14.8,23.1,0.3,64.2,32.7
2025-03-27,12,38.3,113.3,1.97,11.9,75.7
2025-03-27,20,13.9,37.2,0.31,58.8,123.6
2025-03-28,4,45.9,88.9,0.62,54.8,20.7
2025-03-28,9,58.8,70.4,1.02,46.9,128.9
2025-03-28,20,5.2,100.4,1.53,17.6,25.0
2025-03-28,22,34.2,67.3,1.31,12.4,75.1
2025-03-29,8,40.9,73.0,1.52,24.1,167.7
2025-03-29,10,35.4,77.4,0.81,11.9,54.3
2025-03-29,14,37.5,19.7,1.3,25.2,20.3
2025-03-29,15,20.8,59.9,0.58,114.1,144.4
2025-03-29,17,39.3,67.7,1.52,53.2,76.5
2025-03-29,21,47.9,62.4,0.95,61.1,178.8
2025-03-30,2,27.6,38.5,0.47,84.3,119.8
2025-03-30,3,42.7,15.2,0.56,13.6,133.7
2025-03-30,9,23.1,14.1,1.89,110.3,78.7
2025-03-30,15,59.3,55.3,0.69,79.6,97.4
2025-03-30,16,27.4,20.8,1.65,24.9,29.1
2025-03-30,22,39.0,56.6,0.66,95.9,170.1
2025-03-30,23,28.2,82.3,1.82,38.3,142.7
2025-03-31,1,34.6,87.8,0.67,75.3,162.6
2025-03-31,2,56.4,72.8,0.86,47.3,153.9
2025-03-31,3,77.4,90.6,0.48,29.5,52.7
2025-03-31,6,76.7,88.4,0.75,25.0,116.7
2025-03-31,7,44.1,102.6,1.02,106.6,170.6
2025-03-31,11,32.7,50.1,0.4,70.4,25.9
2025-03-31,16,68.2,76.4,0.39,118.0,117.5
2025-03-31,19,6.8,102.5,1.9,48.9,96.3
2025-03-31,20,12.6,11.2,1.43,46.6,170.9
2025-03-31,22,48.6,84.5,1.68,52.7,144.0
2025-04-01,13,36.5,81.6,0.26,13.2,20.8
2025-04-01,23,46.0,73.1,0.58,110.8,46.6
2025-04-02,11,55.1,43.7,1.89,92.2,56.0
2025-04-02,12,37.7,93.4,0.24,91.5,97.0
2025-04-02,13,78.6,97.4,0.77,74.6,121.1
2025-04-02,17,38.9,46.5,1.46,42.4,164.3
2025-04-02,21,59.2,86.0,0.74,17.3,131.3
2025-04-02,22,23.1,91.3,1.38,66.8,128.6
2025-04-03,1,78.2,72.2,0.11,20.5,168.0
2025-04-03,8,75.7,87.0,1.04,35.3,81.0
2025-04-03,14,9.8,98.0,0.92,54.7,106.9
2025-04-03,17,34.9,110.8,0.55,97.8,128.0
2025-04-03,19,29.6,106.5,1.77,74.8,95.0
2025-04-03,22,59.9,52.3,1.56,48.8,145.3
2025-04-04,1,13.4,58.3,0.11,77.6,177.9
2025-04-04,4,28.8,47.3,1.56,11.1,166.0
2025-04-04,9,18.9,55.3,0.92,88.0,62.0
2025-04-04,13,20.7,23.8,1.93,20.8,163.5
2025-04-04,16,48.9,16.0,0.23,119.5,169.6
2025-04-04,18,79.6,99.2,0.95,111.3,40.9
2025-04-04,19,20.3,24.8,1.36,70.9,82.8
2025-04-04,20,49.2,66.5,0.6,64.5,135.4
2025-04-05,4,61.4,11.0,0.67,65.1,158.6
2025-04-05,11,67.4,49.2,0.18,102.6,168.9
2025-04-06,0,61.6,33.0,0.63,18.9,158.9
2025-04-06,1,30.2,73.2,0.79,16.2,123.5
2025-04-06,10,19.5,104.5,0.43,47.1,27.4
2025-04-06,12,8.8,61.5,1.54,77.2,135.6
2025-04-06,14,77.6,40.2,1.44,17.7,100.9
2025-04-06,15,16.5,100.4,1.91,104.2,109.9
2025-04-07,0,24.5,92.7,0.23,114.9,132.0
2025-04-07,23,24.8,40.8,1.42,10.8,135.4
2025-04-08,9,13.4,30.7,1.67,75.0,33.7
2025-04-08,22,61.0,36.7,1.36,45.6,106.0
2025-04-09,6,45.5,57.7,1.46,106.9,131.8
2025-04-09,13,77.9,105.6,1.22,19.3,130.9
2025-04-09,15,53.5,48.7,1.22,10.0,119.9
2025-04-10,16,62.9,15.9,1.56,73.8,40.1
2025-04-11,4,47.9,34.9,0.15,66.3,135.7
2025-04-11,10,79.3,29.4,0.48,71.6,175.0
2025-04-11,12,54.5,53.1,0.3,54.8,97.9
2025-04-11,13,41.9,63.1,1.86,16.2,82.6
2025-04-11,22,24.4,104.8,1.22,114.1,41.6
2025-04-12,2,76.4,91.4,0.25,103.5,33.6
2025-04-12,10,34.0,29.8,1.17,26.4,76.2
2025-04-12,15,60.5,19.9,0.39,34.3,109.4
2025-04-12,17,52.2,44.8,1.93,29.8,124.0
2025-04-12,22,54.5,66.7,1.35,77.5,110.5
2025-04-13,7,13.6,102.7,1.15,14.6,115.7
2025-04-13,9,27.4,41.3,0.76,58.2,126.5
2025-04-13,14,5.2,71.2,0.51,28.5,169.8
2025-04-14,22,59.3,92.6,1.76,25.9,122.9
2025-04-14,23,63.1,86.1,0.25,116.3,167.4
2025-04-15,0,77.4,18.2,0.63,96.5,33.7
2025-04-15,13,74.5,87.8,1.46,27.2,126.5
2025-04-15,14,53.7,83.3,1.07,54.7,89.0
2025-04-15,20,69.9,39.8,1.47,73.7,73.5
2025-04-15,21,29.3,88.5,1.99,104.6,135.6
2025-04-16,1,43.6,60.2,0.32,107.9,81.9
2025-04-16,19,61.5,23.7,1.9,42.8,174.8
2025-04-17,7,69.9,64.0,0.7,66.0,76.1
2025-04-17,17,29.7,119.4,1.93,94.1,96.4
2025-04-17,18,62.5,51.3,1.48,53.0,133.3
2025-04-18,7,32.0,115.6,1.61,11.8,173.3
2025-04-18,9,27.4,27.9,0.3,58.8,175.8
2025-04-18,13,14.3,11.9,1.34,10.4,22.4
2025-04-18,14,67.8,76.8,0.28,26.4,53.6
2025-04-18,15,21.1,13.7,1.59,47.8,29.0
2025-04-18,23,73.8,81.6,0.17,37.5,38.6
2025-04-19,13,21.7,26.3,0.13,98.3,63.8
2025-04-20,9,22.5,81.6,0.4,104.1,47.8
2025-04-20,12,11.0,79.7,0.48,36.8,63.7
2025-04-20,15,31.3,103.5,1.82,47.5,62.7
2025-04-20,16,36.3,111.5,0.56,73.0,43.4
2025-04-20,18,57.9,114.1,0.31,19.3,114.8
2025-04-20,20,31.9,97.4,1.84,56.2,48.6
2025-04-20,21,64.1,93.1,1.3,108.2,79.9
2025-04-20,23,74.3,12.4,0.69,63.7,123.1
2025-04-21,3,60.0,26.1,1.89,53.3,163.0
2025-04-21,4,38.7,20.7,0.26,61.6,95.5
2025-04-21,6,49.5,54.0,1.65,34.1,52.1
2025-04-21,11,52.4,19.8,0.23,119.2,159.3
2025-04-21,13,54.6,16.3,1.88,115.4,60.9
2025-04-22,5,62.3,15.3,0.64,31.2,126.3
2025-04-22,6,56.5,42.3,0.15,75.8,125.7
2025-04-23,2,15.8,17.0,0.89,73.1,164.4
2025-04-23,10,34.2,65.9,0.81,65.2,102.9
2025-04-23,13,79.5,51.2,0.5,87.1,111.0
2025-04-24,14,35.8,88.4,0.52,87.7,108.0
2025-04-24,19,57.1,53.0,0.61,97.1,84.8
2025-04-24,23,34.2,95.2,1.35,78.9,76.2
2025-04-25,0,49.5,79.9,1.11,98.0,136.1
2025-04-25,2,19.4,12.4,0.72,26.5,29.1
2025-04-25,16,54.9,95.2,0.73,90.9,70.3
2025-04-25,20,79.1,40.7,0.36,106.4,73.4
2025-04-25,21,11.8,100.8,0.21,95.0,28.0
2025-04-26,5,25.0,72.2,0.2,36.7,32.9
2025-04-26,7,45.2,61.8,1.38,68.3,67.0
2025-04-26,10,52.2,116.8,1.68,26.4,58.3
2025-04-26,12,60.1,30.7,0.83,48.5,55.2
2025-04-26,15,73.5,90.3,0.3,23.5,167.4
2025-04-26,16,32.5,26.8,0.8,75.4,143.4
2025-04-26,17,52.6,20.9,1.57,47.8,149.0
2025-04-26,18,7.3,28.7,1.02,108.1,28.0
2025-04-26,20,13.0,69.9,1.99,74.7,123.0
2025-04-27,2,13.0,51.6,0.7,34.9,38.4
2025-04-27,10,48.2,44.4,1.94,25.6,28.0
2025-04-27,19,49.4,82.0,0.91,84.0,52.9
2025-04-27,20,43.5,33.0,0.35,99.9,174.7
2025-04-28,10,27.5,104.4,1.22,90.9,176.7
2025-04-28,19,70.1,37.1,0.4,60.5,146.3
2025-04-28,23,32.8,60.7,1.01,24.5,175.1
2025-04-29,8,22.4,20.4,1.27,87.6,133.5
2025-04-29,9,76.1,61.3,1.76,20.3,134.0
2025-04-29,17,60.0,71.3,0.89,97.0,55.0
2025-04-29,18,42.3,68.8,1.99,114.0,147.7
2025-04-29,20,12.3,23.1,1.28,92.2,82.4
2025-04-29,21,34.9,38.0,1.42,13.3,45.9
2025-04-30,10,24.1,40.8,1.8,88.5,120.3
2025-04-30,13,13.6,64.2,0.43,87.1,100.5
2025-04-30,15,39.0,36.0,0.52,66.2,60.7
2025-04-30,18,67.2,65.1,0.82,51.7,153.7
2025-05-01,0,15.3,87.0,1.99,111.2,93.2
2025-05-01,11,60.2,85.3,0.45,97.3,151.3
2025-05-01,12,50.2,63.2,0.74,51.0,74.1
2025-05-01,14,34.6,64.7,1.9,24.0,79.7
2025-05-01,18,61.5,99.8,1.27,108.4,47.9
2025-05-01,23,21.9,64.8,0.87,100.1,26.7
2025-05-02,1,74.7,15.9,0.11,29.4,92.1
2025-05-02,7,73.5,90.5,1.83,117.7,114.1
2025-05-02,8,27.1,15.1,0.79,64.4,46.4
2025-05-02,11,6.7,102.0,1.92,111.4,62.0
2025-05-02,15,50.5,70.1,1.54,59.1,126.2
2025-05-02,17,71.6,77.6,0.15,86.6,67.4
2025-05-03,2,44.0,31.9,1.17,78.4,30.3
2025-05-03,3,79.5,30.1,1.92,117.4,110.9
2025-05-03,6,30.1,51.0,0.14,48.5,136.1
2025-05-03,9,53.4,86.0,1.23,40.7,123.7
2025-05-03,17,50.4,63.5,1.99,52.7,25.8
2025-05-03,20,59.6,37.5,0.46,10.3,72.7
2025-05-04,2,64.2,111.4,1.92,48.9,67.3
2025-05-04,7,53.9,38.1,1.26,39.3,22.9
2025-05-04,22,62.6,98.5,0.25,105.1,177.2
2025-05-05,6,78.2,17.2,1.23,38.5,112.4
2025-05-05,16,34.2,73.1,1.76,32.1,110.4
2025-05-06,2,13.2,24.4,1.78,88.9,141.7
2025-05-06,5,42.5,51.4,0.52,69.9,67.8
2025-05-06,9,68.7,70.8,0.89,118.4,103.5
2025-05-06,15,43.0,16.9,1.87,94.2,113.8
2025-05-07,1,37.8,36.9,1.74,45.7,168.2
2025-05-07,2,16.9,31.3,1.42,13.3,152.5
2025-05-07,22,55.9,118.1,0.89,44.1,90.2
2025-05-08,8,69.9,27.0,0.9,93.5,81.2
2025-05-08,22,78.3,17.4,0.64,114.4,102.1
2025-05-09,0,60.3,79.7,1.61,11.4,73.9
2025-05-09,2,20.0,21.0,0.7,65.2,120.0
2025-05-09,4,50.5,116.7,1.44,31.5,78.9
2025-05-09,9,23.3,87.9,1.85,48.0,43.2
2025-05-09,13,5.5,70.5,0.61,60.1,71.6
2025-05-09,17,66.6,112.9,0.56,115.9,70.5
2025-05-10,2,45.8,101.4,0.24,57.2,91.3
2025-05-10,4,24.9,64.6,0.13,53.2,157.0
2025-05-10,5,42.2,109.9,0.11,117.0,170.8
2025-05-10,7,19.3,36.7,1.34,57.2,82.7
2025-05-10,11,46.0,72.4,1.74,99.5,134.7
2025-05-11,1,18.5,32.3,1.74,102.8,141.4
2025-05-11,9,9.3,71.3,1.62,71.5,22.0
2025-05-11,20,46.5,41.9,0.13,64.3,41.1
2025-05-12,8,26.3,40.6,0.47,26.6,107.3
2025-05-12,12,41.2,33.9,1.1,41.2,158.0
2025-05-12,15,39.3,51.4,1.22,110.5,90.0
2025-05-12,18,48.5,72.0,0.75,12.6,132.1
2025-05-13,4,76.1,50.4,1.78,10.6,49.2
2025-05-13,12,68.3,44.6,0.51,110.3,46.6
2025-05-13,23,63.8,94.0,0.87,83.1,126.8
2025-05-14,0,73.4,66.1,1.7,54.2,174.4
2025-05-14,5,8.6,91.8,1.99,100.6,76.0
2025-05-14,9,45.8,95.0,0.48,90.8,115.3
2025-05-14,10,40.3,100.3,1.02,90.6,36.8
2025-05-14,19,15.5,105.3,1.51,26.7,94.1
2025-05-14,20,13.0,118.2,0.5,91.4,143.8
2025-05-15,9,11.1,87.1,1.08,58.0,30.0
2025-05-15,16,43.6,41.4,0.82,87.4,152.4
2025-05-15,22,19.6,98.4,1.08,30.0,175.6
2025-05-16,5,9.5,114.7,0.84,74.7,58.8
2025-05-16,12,52.2,57.4,1.85,22.6,142.6
2025-05-16,16,74.6,23.5,0.47,37.9,117.6
2025-05-16,19,19.6,65.8,1.31,70.1,99.1
2025-05-16,22,74.9,112.3,1.94,111.9,164.4
2025-05-17,10,65.1,25.7,1.94,91.9,55.4
2025-05-17,13,37.6,109.3,1.68,112.3,74.7
2025-05-17,17,5.7,104.2,0.47,109.6,47.6
2025-05-17,19,45.6,15.1,1.6,55.4,86.8
2025-05-18,6,14.6,97.0,1.86,108.4,107.3
2025-05-18,15,22.1,50.3,0.33,20.2,114.9
2025-05-19,6,35.8,86.0,1.15,97.4,97.8
2025-05-19,13,17.5,51.4,0.95,12.2,171.6
2025-05-19,19,39.9,17.8,0.82,25.7,41.4
2025-05-19,23,50.9,97.1,1.97,108.8,24.7
2025-05-20,4,73.0,55.6,0.82,54.1,146.9
2025-05-20,7,22.2,86.9,0.92,63.5,85.8
2025-05-20,12,32.2,95.7,1.29,51.0,75.5
2025-05-20,15,38.7,23.1,0.33,44.7,63.9
2025-05-20,16,73.4,105.2,1.32,20.3,50.3
2025-05-20,19,65.1,47.2,0.89,84.1,24.2
2025-05-21,1,75.7,56.0,1.25,95.5,91.3
2025-05-21,6,51.4,87.8,0.44,35.7,26.1
2025-05-21,11,61.5,11.9,1.85,47.2,36.1
2025-05-21,12,39.6,87.4,0.95,53.9,23.7
2025-05-21,13,78.5,103.4,0.81,119.7,140.8
2025-05-21,18,37.3,40.8,0.55,91.2,55.5
2025-05-21,20,55.0,52.8,1.45,10.5,88.5
2025-05-22,1,70.2,63.9,0.43,29.3,81.4
2025-05-22,2,37.7,96.3,1.7,59.5,127.4
2025-05-22,6,72.3,86.7,0.68,104.9,89.9
2025-05-22,11,15.5,82.7,0.57,32.4,26.2
2025-05-22,22,39.4,78.0,1.31,23.3,155.2
2025-05-23,0,30.5,111.4,1.8,104.5,173.8
2025-05-23,11,31.4,18.0,0.83,20.9,22.4
2025-05-24,1,57.9,94.4,1.68,98.0,52.7
2025-05-24,9,73.6,76.7,1.91,16.0,161.9
2025-05-24,11,18.8,60.3,1.24,63.2,146.8
2025-05-24,13,77.8,32.7,0.8,10.4,79.4
2025-05-25,3,59.6,53.4,0.5,34.1,72.1
2025-05-25,6,19.2,58.1,0.42,95.2,152.0
2025-05-25,11,70.5,20.1,1.1,67.5,118.9
2025-05-25,17,53.0,50.0,1.66,30.4,127.2
2025-05-26,3,77.7,79.3,0.42,85.8,109.4
2025-05-26,15,6.3,50.2,1.04,92.9,51.1
2025-05-26,20,50.9,99.3,1.45,62.9,154.2
2025-05-27,2,40.4,115.8,0.37,98.0,125.0
2025-05-27,10,31.0,49.2,0.96,78.8,88.7
2025-05-27,16,44.1,65.9,0.77,82.2,38.9
2025-05-27,18,20.9,56.0,0.65,46.6,64.1
2025-05-28,4,47.9,43.9,1.86,13.0,141.9
2025-05-29,0,26.8,89.4,1.34,92.9,132.3
2025-05-29,3,28.6,105.6,1.28,92.9,91.4
2025-05-29,9,38.5,91.0,1.11,70.3,125.5
2025-05-29,11,68.3,101.8,0.97,112.2,61.4
2025-05-29,12,28.7,101.2,0.76,54.6,156.5
2025-05-29,14,26.5,99.5,1.43,26.2,36.4
2025-05-30,2,47.3,74.0,0.21,112.3,119.8
2025-05-30,7,60.0,71.9,1.04,22.3,127.6
2025-05-30,9,67.3,58.2,0.3,50.5,121.4
2025-05-31,4,60.9,108.2,0.57,92.6,137.1
2025-05-31,8,74.5,113.2,0.64,32.0,51.3
2025-05-31,12,46.3,67.2,1.56,118.0,71.1
2025-05-31,15,49.6,107.7,1.52,97.1,76.1
2025-05-31,19,54.0,106.1,1.45,93.7,50.5
2025-05-31,20,25.7,27.7,1.87,69.1,136.5
2025-06-01,23,27.8,77.0,1.29,95.9,35.8
2025-06-02,12,28.1,115.9,1.97,34.8,175.5
2025-06-02,14,29.1,48.8,1.3,26.0,92.3
2025-06-02,17,22.2,97.6,0.57,82.7,105.0
2025-06-02,20,9.5,62.6,0.11,87.5,136.2
2025-06-03,18,74.8,32.3,0.78,39.2,150.6
2025-06-04,17,36.0,88.5,1.56,85.8,28.9
2025-06-05,1,23.1,12.8,1.96,37.9,125.8
2025-06-05,6,9.9,118.8,0.92,66.3,76.8
2025-06-05,9,16.5,59.7,0.45,57.6,110.0
2025-06-05,10,41.9,64.4,0.47,12.9,51.8
2025-06-05,17,58.2,113.4,0.97,78.3,60.5
2025-06-05,23,29.6,109.8,1.82,64.5,156.1
2025-06-06,5,11.2,41.3,0.36,55.1,38.8
2025-06-06,10,73.6,87.2,1.43,60.0,77.0
2025-06-06,11,68.1,49.0,1.71,94.1,45.7
2025-06-06,13,13.5,14.1,0.87,12.9,137.6
2025-06-06,21,70.9,36.8,0.9,63.2,38.5
2025-06-07,9,76.2,38.8,0.36,16.3,127.6
2025-06-07,13,66.8,68.8,1.27,67.4,45.4
2025-06-07,18,35.6,83.9,1.03,80.1,63.3
2025-06-07,19,75.3,70.6,0.12,42.3,173.1
2025-06-07,22,70.5,51.9,1.39,75.9,74.9
2025-06-08,3,33.3,19.7,1.57,96.5,103.6
2025-06-08,10,22.1,69.2,0.87,107.0,134.8
2025-06-08,11,23.3,57.5,0.14,103.3,135.7
2025-06-08,13,69.5,85.8,0.33,94.1,60.4
2025-06-08,16,79.6,97.7,1.17,84.3,97.8
2025-06-09,0,52.4,51.6,0.81,39.1,117.4
2025-06-09,4,70.8,60.2,1.08,98.2,43.2
2025-06-09,12,71.9,91.4,0.33,98.3,131.9
2025-06-09,20,8.9,43.3,1.92,48.9,160.7
2025-06-10,4,63.9,114.5,1.03,62.2,66.5
2025-06-10,7,58.8,36.1,0.46,83.6,52.2
2025-06-10,12,75.9,56.1,0.18,47.4,147.3
2025-06-10,18,27.9,96.8,0.72,54.7,79.0
2025-06-10,22,16.4,81.7,0.63,43.2,131.7
2025-06-11,13,64.5,16.1,1.08,80.7,172.7
2025-06-11,14,52.7,44.8,0.86,98.5,107.0
2025-06-11,17,68.5,55.6,1.96,87.5,74.1
2025-06-11,22,5.8,50.8,1.5,80.5,77.1
2025-06-12,3,37.0,33.8,0.26,82.7,116.6
2025-06-12,18,38.3,112.9,0.71,20.4,39.9
2025-06-12,19,37.1,85.4,0.11,50.7,111.3
2025-06-13,5,21.0,118.6,0.21,19.8,71.4
2025-06-13,7,79.6,74.2,1.06,28.7,95.8
2025-06-13,15,64.9,100.6,1.97,103.8,137.7
2025-06-13,19,50.4,100.2,0.81,54.7,130.3
2025-06-14,6,22.3,108.1,0.82,13.9,144.3
2025-06-14,10,63.0,82.3,0.49,34.0,26.6
2025-06-14,14,47.6,13.5,1.43,102.0,178.5
2025-06-14,23,70.7,32.6,0.12,22.0,99.4
2025-06-15,0,42.8,21.9,0.51,115.4,32.0
2025-06-15,4,38.1,58.6,1.35,108.7,159.0
2025-06-15,11,67.4,62.2,1.44,20.6,49.7
2025-06-15,15,72.0,58.9,1.53,100.1,77.9
2025-06-15,18,78.5,113.0,1.12,117.7,36.4
2025-06-16,1,62.8,54.4,1.03,53.9,150.9
2025-06-16,7,47.2,64.3,1.58,68.5,48.4
2025-06-16,20,32.7,64.3,1.9,85.8,143.1
2025-06-16,22,74.8,44.1,0.76,120.0,143.4
2025-06-17,3,32.8,75.1,0.95,75.2,77.3
2025-06-17,5,54.1,10.6,1.74,42.0,41.5
2025-06-17,7,20.9,118.6,1.32,88.2,113.3
2025-06-17,8,50.7,26.1,0.72,115.9,160.0
2025-06-17,12,6.0,88.3,0.94,42.0,81.6
2025-06-17,18,22.6,37.2,1.8,80.9,72.2
2025-06-18,14,59.9,42.0,1.32,16.0,128.5
2025-06-18,16,13.4,24.8,0.38,110.9,66.2
2025-06-19,0,28.3,113.1,1.36,83.4,40.4
2025-06-19,8,78.8,28.8,1.77,98.2,133.2
2025-06-19,20,31.3,103.7,1.07,117.7,145.6
2025-06-20,3,39.9,77.5,1.62,81.3,42.5
2025-06-20,11,34.9,48.6,0.48,117.0,99.0
2025-06-20,19,66.7,28.2,0.29,67.7,116.9
2025-06-20,22,45.9,76.3,1.4,70.1,120.1
2025-06-21,8,12.0,77.8,0.62,56.4,115.1
2025-06-21,18,22.5,33.2,1.1,105.7,123.4
2025-06-21,19,22.5,49.4,0.58,71.3,65.3
2025-06-21,23,31.5,98.0,0.74,43.4,79.5
2025-06-22,7,56.6,14.5,0.44,75.5,118.1
2025-06-22,10,64.6,114.3,0.84,114.3,65.8
2025-06-22,14,22.8,79.6,0.79,36.7,145.3
2025-06-22,17,6.1,77.5,1.4,66.0,35.5
2025-06-22,18,56.1,60.6,0.54,104.1,124.6
2025-06-23,2,16.6,27.1,0.45,82.2,89.0
2025-06-23,5,45.8,64.6,1.57,46.1,169.8
2025-06-23,6,61.5,11.0,0.36,45.7,51.7
2025-06-23,9,7.7,106.5,1.3,35.5,140.4
2025-06-23,13,12.0,26.1,0.64,11.9,32.4
2025-06-23,16,21.8,105.5,1.69,69.8,165.5
2025-06-24,1,6.6,54.2,1.7,92.7,128.4
2025-06-24,4,23.6,32.5,1.62,12.6,59.4
2025-06-24,5,18.1,118.2,0.71,69.6,176.9
2025-06-24,6,5.9,36.3,1.58,12.5,139.4
2025-06-24,19,55.7,20.2,0.2,58.1,95.5
2025-06-25,3,32.4,106.0,0.46,95.5,27.7
2025-06-25,9,72.9,15.1,1.73,108.1,26.4
2025-06-25,21,45.8,74.8,0.15,89.9,83.1
2025-06-25,22,62.1,111.8,1.42,116.4,85.9
2025-06-26,11,54.5,23.4,0.44,26.5,152.2
2025-06-26,22,45.4,42.6,1.59,61.4,67.9
2025-06-27,1,79.3,103.7,1.66,41.6,83.5
2025-06-27,2,20.7,26.9,1.11,46.0,104.6
2025-06-27,10,57.3,81.3,1.36,51.6,48.6
2025-06-27,11,22.8,86.9,1.03,49.9,119.7
2025-06-27,17,10.9,32.1,0.54,107.2,46.7
2025-06-27,21,57.3,14.6,0.93,69.3,136.2
2025-06-28,8,66.9,23.3,1.28,95.8,24.3
2025-06-28,22,48.2,44.8,0.14,88.9,34.1
2025-06-29,6,50.4,27.7,1.64,43.2,151.7
2025-06-29,7,14.4,21.2,1.64,65.8,159.3
2025-06-29,11,78.9,64.9,0.67,111.7,169.7
2025-06-29,13,79.9,90.6,0.21,106.3,56.2
2025-06-29,14,41.7,54.5,1.81,45.3,157.2
2025-06-30,0,49.3,91.5,1.02,44.9,98.5
2025-06-30,9,45.5,15.5,0.85,17.6,25.5
2025-06-30,13,29.1,109.2,1.47,62.7,150.4
2025-06-30,14,29.9,44.1,0.52,41.0,176.3
2025-06-30,17,36.2,117.2,1.81,57.9,42.0
2025-06-30,18,53.1,95.6,0.8,73.7,128.7
2025-07-01,0,10.2,98.4,0.47,54.5,93.9
2025-07-01,4,48.8,106.4,0.45,16.6,23.2
2025-07-01,5,57.8,39.5,0.18,89.4,159.8
2025-07-01,18,14.7,31.2,0.26,75.1,64.4
2025-07-01,19,55.4,51.3,0.75,26.2,159.2
2025-07-01,23,58.4,11.0,0.22,103.7,86.2
2025-07-02,4,11.0,73.8,1.03,91.9,72.1
2025-07-02,16,78.9,87.6,1.34,66.1,62.3
2025-07-02,21,74.3,49.8,1.16,86.8,179.3
2025-07-02,22,5.6,99.9,1.59,33.6,114.2
2025-07-03,9,22.4,108.9,0.24,115.4,92.9
2025-07-03,14,14.0,34.1,1.12,116.4,93.5
2025-07-03,19,35.4,107.6,1.22,15.4,39.5
2025-07-04,0,7.8,97.3,1.61,62.8,73.5
2025-07-04,2,32.3,97.0,0.26,48.9,26.7
2025-07-04,17,24.9,34.3,1.72,80.0,63.5
2025-07-04,23,23.0,26.1,1.28,53.9,34.4
2025-07-05,4,53.9,13.8,1.61,113.6,63.9
2025-07-05,7,47.2,53.6,1.33,104.1,48.9
2025-07-05,12,46.5,86.3,1.69,10.8,103.7
2025-07-05,19,48.2,84.4,0.95,53.1,97.7
2025-07-06,1,54.4,70.4,0.1,78.3,123.5
2025-07-06,2,66.8,52.2,0.7,47.2,31.3
2025-07-06,4,35.6,95.4,1.24,89.9,152.9
2025-07-06,9,23.1,41.1,1.29,17.4,167.9
2025-07-06,12,13.5,92.6,1.52,92.1,104.7
2025-07-06,13,17.6,35.4,1.2,97.1,80.3
2025-07-07,1,32.0,85.9,0.25,24.0,104.9
2025-07-07,4,36.4,49.0,1.58,42.3,123.8
2025-07-07,11,14.7,59.7,1.34,96.4,110.7
2025-07-07,20,11.5,74.8,0.38,54.8,142.5
2025-07-08,11,31.9,17.0,0.37,76.3,66.4
2025-07-08,18,5.6,49.6,0.8,84.3,29.7
2025-07-09,3,34.6,22.7,1.61,52.7,108.3
2025-07-09,6,48.3,98.9,0.79,117.6,44.5
2025-07-09,9,5.6,100.7,1.8,90.8,30.8
2025-07-09,20,59.3,66.0,1.41,109.3,66.8
2025-07-10,3,11.4,43.4,0.25,76.4,35.4
2025-07-10,19,36.4,101.3,1.42,41.0,119.6
2025-07-10,20,71.8,84.5,0.26,56.3,39.9
2025-07-11,2,41.5,26.9,0.53,82.6,116.1
2025-07-11,6,67.4,71.9,1.26,26.7,49.5
2025-07-11,8,25.2,102.8,0.94,83.1,120.3
2025-07-11,13,43.0,53.8,1.93,108.8,166.3
2025-07-11,14,23.8,12.8,0.21,31.9,79.3
2025-07-11,15,12.8,42.9,1.22,13.8,126.5
2025-07-11,23,8.6,89.0,0.32,82.8,54.0
2025-07-12,1,58.4,34.2,1.31,55.9,123.2
2025-07-12,14,69.1,16.6,1.52,27.1,109.6
2025-07-12,23,5.2,67.5,0.82,24.8,20.9
2025-07-13,0,37.5,24.2,1.14,75.8,93.1
2025-07-13,5,15.2,73.5,1.27,36.8,50.1
2025-07-13,13,56.5,74.9,0.85,103.9,113.3
2025-07-13,20,73.5,101.8,0.93,77.8,169.4
2025-07-14,5,57.9,118.0,1.15,22.2,96.5
2025-07-14,10,25.1,26.3,0.64,88.3,157.9
2025-07-14,12,74.9,19.5,1.1,43.5,155.4
2025-07-14,13,39.7,83.1,1.01,36.5,73.2
2025-07-14,15,6.4,42.6,1.09,16.1,137.5
2025-07-14,17,18.8,93.2,1.83,117.6,122.8
2025-07-14,18,19.5,76.5,1.67,102.7,31.3
2025-07-15,7,5.8,103.1,0.41,13.0,82.2
2025-07-15,16,5.3,20.9,1.43,64.2,31.8
2025-07-16,0,8.4,76.1,1.39,23.8,100.6
2025-07-16,3,21.5,114.4,1.67,11.1,152.6
2025-07-16,12,7.4,44.5,1.88,32.8,138.0
2025-07-16,15,74.4,44.4,0.2,99.5,45.8
2025-07-17,2,27.0,106.1,1.06,22.1,126.2
2025-07-17,4,30.5,42.1,0.33,36.8,96.6
2025-07-17,10,17.1,21.5,1.65,50.2,155.9
2025-07-17,11,47.0,39.0,1.25,67.6,71.5
2025-07-17,14,68.1,31.8,0.47,62.1,27.0
2025-07-17,15,14.8,75.1,0.27,110.0,124.4
2025-07-17,20,57.1,22.3,1.11,113.8,119.6
2025-07-17,21,51.8,49.7,1.12,110.3,140.0
2025-07-17,22,17.6,78.8,0.54,37.6,84.2
2025-07-18,5,45.0,105.7,0.85,56.2,45.8
2025-07-18,11,67.2,112.1,0.4,51.0,106.0
2025-07-18,17,13.4,52.0,0.14,14.5,70.3
2025-07-18,18,46.9,108.7,1.39,26.6,170.9
2025-07-18,20,54.4,27.2,0.53,87.5,102.9
2025-07-19,0,10.9,49.4,0.52,23.5,161.6
2025-07-19,3,42.2,20.0,1.31,41.0,31.3
2025-07-19,4,5.3,110.3,1.33,54.2,130.7
2025-07-19,12,9.6,74.6,1.76,14.7,173.8
2025-07-19,13,52.7,64.3,1.54,48.9,49.6
2025-07-19,15,79.4,101.0,0.43,52.2,134.8
2025-07-19,16,16.1,44.0,0.83,110.5,22.5
2025-07-20,8,27.2,111.3,1.18,54.7,153.1
2025-07-20,14,30.1,50.4,1.94,89.8,76.2
2025-07-20,16,32.0,113.0,1.38,36.8,125.5
2025-07-21,10,70.6,75.5,1.25,86.6,150.0
2025-07-21,22,29.5,60.0,1.03,13.3,27.5
2025-07-21,23,45.2,86.4,0.21,94.9,103.2
2025-07-22,10,31.9,48.3,1.52,53.3,164.0
2025-07-22,16,48.3,102.4,1.93,37.8,107.4
2025-07-23,14,23.9,41.6,0.84,43.1,141.1
2025-07-23,15,33.3,11.7,1.49,80.3,129.4
2025-07-23,21,26.2,23.2,0.13,100.3,88.6
2025-07-23,22,48.0,15.9,1.6,20.4,75.3
2025-07-24,16,50.7,80.1,1.53,68.5,58.9
2025-07-24,17,20.7,32.1,1.49,68.2,127.2
2025-07-24,23,46.7,84.0,0.72,44.1,142.3
2025-07-25,21,36.3,120.0,1.7,67.7,33.6
2025-07-26,7,68.7,108.2,0.67,48.5,139.9
2025-07-26,9,24.2,46.2,1.42,74.6,51.0
2025-07-26,10,10.9,101.3,1.61,42.5,85.7
2025-07-26,17,79.6,46.0,0.71,52.2,82.5
2025-07-27,4,67.8,116.5,0.42,82.8,110.6
2025-07-27,6,19.3,60.3,1.21,67.8,95.7
2025-07-27,7,50.2,12.9,1.76,71.6,35.5
2025-07-27,19,56.0,55.0,1.39,59.6,125.8
2025-07-27,22,39.7,61.3,0.96,67.5,46.1
2025-07-28,2,40.0,77.8,1.09,100.6,38.8
2025-07-28,4,13.0,107.0,1.85,41.2,116.0
2025-07-28,9,16.0,21.8,1.4,26.6,139.2
2025-07-28,14,70.0,40.4,0.54,71.0,65.6
2025-07-28,15,53.7,49.5,1.03,18.6,163.9
2025-07-28,16,62.9,64.7,0.11,44.5,122.6
2025-07-28,22,68.6,30.2,1.09,110.2,117.1
2025-07-29,0,21.3,55.2,0.78,32.5,110.9
2025-07-29,9,25.6,76.8,0.69,101.7,127.6
2025-07-29,12,58.1,98.1,1.25,15.1,96.6
2025-07-29,13,25.3,92.5,1.46,58.2,58.1
2025-07-30,0,70.5,69.7,0.67,15.7,70.5
2025-07-30,2,64.4,58.7,1.01,114.4,29.2
2025-07-30,19,8.5,43.7,1.47,108.4,177.2
2025-07-31,2,69.1,87.5,1.55,39.0,135.0
2025-07-31,9,64.2,104.6,0.85,59.0,97.2
2025-07-31,11,45.3,65.1,1.35,104.8,102.4
2025-07-31,16,60.3,34.0,0.45,12.9,23.1
2025-07-31,22,53.8,27.7,0.35,86.2,158.1
2025-08-01,7,77.9,20.8,1.17,49.3,66.7
2025-08-01,12,73.2,70.8,0.39,86.7,105.4
2025-08-01,14,50.0,105.1,1.28,88.7,77.7
2025-08-01,17,46.4,69.4,0.76,33.0,160.9
2025-08-02,5,27.3,82.2,1.24,66.8,121.8
2025-08-02,10,64.8,118.4,1.02,98.9,83.1
2025-08-02,19,37.1,53.8,1.32,19.0,118.0
2025-08-02,20,14.6,15.0,1.33,36.7,94.2
2025-08-03,6,60.5,35.9,1.4,85.2,140.5
2025-08-03,13,36.2,118.3,0.35,26.0,64.6
2025-08-03,20,8.5,47.5,1.61,73.1,102.8
2025-08-04,5,8.5,71.5,1.99,41.2,163.0
2025-08-04,9,29.2,94.5,1.95,92.8,179.2
2025-08-04,10,68.0,100.5,0.21,81.7,106.9
2025-08-04,15,50.2,29.3,0.49,14.5,66.8
2025-08-05,0,36.3,26.3,0.54,41.1,176.7
2025-08-05,4,40.7,85.5,1.57,113.1,54.4
2025-08-05,12,33.2,32.4,1.13,111.4,140.2
2025-08-05,19,16.3,53.2,1.89,59.7,34.2
2025-08-05,21,52.8,86.4,0.79,12.3,73.6
2025-08-06,0,47.8,86.9,0.74,51.5,117.7
2025-08-06,7,64.2,63.5,1.26,96.4,80.1
2025-08-06,13,33.3,75.8,1.42,97.6,25.4
2025-08-06,15,34.8,40.1,1.16,68.3,93.3
2025-08-06,18,28.3,117.6,1.34,16.9,45.3
2025-08-06,22,6.8,59.4,0.58,32.1,47.7
2025-08-07,4,58.4,52.7,0.69,24.9,179.5
2025-08-07,8,58.5,24.3,0.23,39.9,136.7
2025-08-07,14,9.0,88.6,1.94,11.2,59.9
2025-08-07,17,79.7,92.9,1.53,107.9,52.6
2025-08-07,18,37.8,96.3,0.3,113.6,131.7
2025-08-07,21,62.9,46.9,0.33,41.1,145.2
2025-08-07,22,16.3,45.7,1.75,32.1,74.8
2025-08-08,10,8.6,60.9,0.14,61.9,155.6
2025-08-08,11,32.5,64.4,0.44,45.6,42.5
2025-08-08,15,54.9,18.9,1.64,26.6,71.2
2025-08-08,23,73.2,52.2,1.22,118.6,38.1
2025-08-09,5,36.7,101.4,0.25,70.0,95.6
2025-08-09,7,58.5,105.3,1.31,48.9,174.2
2025-08-09,12,48.4,72.4,1.41,50.9,156.8
2025-08-09,19,46.6,40.0,1.82,109.6,93.7
2025-08-09,21,61.8,82.2,0.35,47.5,108.4
2025-08-10,1,10.9,110.0,1.3,58.4,30.5
2025-08-10,8,15.8,116.6,1.23,113.6,178.4
2025-08-10,13,30.8,69.1,1.47,93.8,116.6
2025-08-10,21,10.8,36.3,0.37,73.1,20.3
2025-08-11,7,7.5,41.7,1.09,112.2,163.5
2025-08-11,8,43.5,25.9,0.35,98.4,134.6
2025-08-11,9,34.3,10.8,1.39,67.6,166.7
2025-08-11,11,68.0,73.3,1.27,23.0,140.9
2025-08-11,12,74.7,34.8,1.13,95.9,102.2
2025-08-11,17,71.2,119.6,0.38,48.1,168.9
2025-08-12,10,5.2,47.4,1.28,29.7,97.4
2025-08-12,12,16.7,33.5,1.51,54.9,30.0
2025-08-12,16,42.6,88.0,0.6,16.5,52.8
2025-08-13,4,18.7,26.5,1.53,108.8,95.6
2025-08-13,10,73.1,118.6,1.2,63.1,82.6
2025-08-13,16,51.7,64.6,0.17,30.3,95.4
2025-08-13,18,23.4,22.8,0.61,63.2,150.9
2025-08-13,21,8.6,18.0,0.22,118.2,107.8
2025-08-13,22,8.7,37.8,0.28,33.0,126.1
2025-08-14,0,23.0,102.1,1.26,45.4,98.4
2025-08-14,5,35.3,56.8,0.65,75.6,24.1
2025-08-14,15,25.4,78.6,0.29,73.1,149.4
2025-08-14,21,24.9,47.4,1.34,113.1,108.7
2025-08-15,2,55.9,106.1,0.59,25.4,102.9
2025-08-15,3,37.4,51.2,1.58,88.7,85.6
2025-08-15,11,71.0,67.5,0.34,96.5,43.8
2025-08-15,16,15.5,73.5,1.32,12.0,132.5
2025-08-15,20,63.4,100.2,0.54,74.2,117.7
2025-08-16,2,13.3,58.8,0.38,88.9,99.7
2025-08-16,16,36.4,34.9,0.95,85.9,147.1
2025-08-16,20,13.4,12.6,0.87,53.0,84.8
2025-08-17,9,21.9,34.4,1.57,67.7,91.3
2025-08-17,11,25.3,28.7,1.79,42.3,104.6
2025-08-17,18,28.7,10.3,0.93,52.8,45.3
2025-08-17,19,9.0,69.0,0.45,73.8,112.5
2025-08-17,23,60.8,103.6,1.98,39.0,92.1
2025-08-18,12,7.0,37.4,1.43,40.9,103.9
2025-08-18,14,50.9,80.6,1.93,100.2,177.8
2025-08-18,21,55.0,29.2,1.62,31.4,157.8
2025-08-18,23,44.0,49.7,0.41,110.4,81.7
2025-08-19,3,20.6,22.4,0.55,25.9,48.4
2025-08-19,6,12.6,109.5,1.16,118.5,67.2
2025-08-19,7,41.3,13.4,1.99,34.5,83.4
2025-08-19,12,10.0,17.2,1.78,92.4,77.2
2025-08-19,17,42.0,79.4,0.36,84.0,33.8
2025-08-19,20,74.6,73.7,0.95,68.3,31.8
2025-08-20,0,27.8,51.6,0.41,84.0,126.4
2025-08-20,4,64.1,17.1,1.4,116.9,85.5
2025-08-20,7,50.8,43.2,1.73,116.8,160.5
2025-08-20,8,43.0,32.6,0.87,94.1,95.9
2025-08-20,9,66.6,89.3,0.64,14.9,32.3
2025-08-20,11,42.3,91.0,1.56,14.4,176.6
2025-08-21,0,69.6,115.7,0.76,91.2,79.0
