fecha,hora,ubicacion,flujo_vehicular,pm2_5,pm10,co,no2,o3,temperatura,humedad,viento,precipitacion
2025-01-01,5,general canas,1723,44.2,18.8,1.05,103.0,154.6,16.9,95,21.8,18.2
2025-01-01,6,san pedro,1568,33.6,48.6,1.94,61.8,166.6,21.6,76,1.8,15.6
2025-01-01,8,alajuela centro,1033,62.4,76.7,0.33,23.6,77.4,29.0,95,26.4,11.2
2025-01-01,9,circunvalacion,418,32.5,59.9,1.14,75.9,37.5,30.6,87,24.4,1.9
2025-01-01,19,zapote,874,16.4,113.8,0.54,107.5,155.2,26.0,68,29.4,7.1
2025-01-01,20,circunvalacion,1877,9.7,28.3,1.12,93.4,146.0,17.2,62,8.3,18.0
2025-01-02,3,alajuela centro,1547,75.5,109.7,0.17,118.3,50.9,19.5,73,12.0,3.2
2025-01-02,6,circunvalacion,691,65.7,78.6,1.02,75.1,142.1,24.7,67,21.6,11.4
2025-01-02,7,general canas,444,56.4,82.0,0.53,95.9,150.0,31.0,71,18.3,11.9
2025-01-02,9,general canas,1101,54.5,53.7,1.01,25.5,176.9,21.7,49,5.5,8.5
2025-01-02,16,zapote,1777,43.1,78.9,0.64,19.5,61.6,31.0,40,6.9,3.0
2025-01-03,3,zapote,915,16.3,108.6,0.5,78.1,57.7,23.6,40,2.9,11.7
2025-01-03,10,alajuela centro,283,67.6,68.5,1.13,90.7,32.8,25.1,41,0.8,8.6
2025-01-03,23,zapote,479,68.0,101.1,1.31,105.6,38.7,29.3,68,14.4,15.9
2025-01-04,6,san pedro,1400,26.3,118.6,1.59,77.4,74.0,25.0,44,14.4,6.7
2025-01-04,11,general canas,1530,23.5,32.5,1.47,112.8,106.4,23.6,50,13.6,1.5
2025-01-04,15,zapote,1953,72.9,65.3,0.74,68.9,79.9,20.2,79,21.6,6.2
2025-01-04,18,ruta 27,674,45.0,14.1,0.99,48.5,100.9,23.8,82,9.5,3.3
2025-01-04,19,ruta 27,1893,14.1,101.1,1.15,98.8,90.5,27.4,60,12.0,7.8
2025-01-05,2,ruta 27,1286,62.1,97.5,1.91,110.7,34.3,19.9,91,10.1,18.2
2025-01-05,4,alajuela centro,1009,68.8,30.2,0.2,13.2,35.7,21.1,55,4.7,12.9
2025-01-05,8,alajuela centro,1113,60.7,23.5,1.86,61.3,64.8,17.1,88,10.1,19.2
2025-01-05,12,general canas,307,30.3,15.5,1.02,62.6,69.6,27.8,75,19.5,9.6
2025-01-05,13,ruta 27,282,60.9,54.8,0.85,33.0,164.1,17.7,41,29.9,9.5
2025-01-06,3,ruta 27,1545,5.4,87.8,1.98,116.7,62.1,24.8,79,3.3,14.4
2025-01-06,13,alajuela centro,1781,20.0,81.5,0.12,91.4,99.7,18.8,40,24.1,3.7
2025-01-06,16,ruta 27,1892,66.7,66.1,0.39,115.0,61.4,16.5,88,8.8,15.6
2025-01-07,1,zapote,1141,8.9,13.9,1.14,115.6,139.5,26.8,40,29.4,17.2
2025-01-07,12,general canas,739,30.6,108.7,1.03,92.9,175.7,18.6,81,15.9,3.9
2025-01-07,16,general canas,576,73.5,85.9,0.13,25.2,126.2,21.9,69,18.0,0.4
2025-01-08,4,ruta 27,886,48.0,113.6,0.29,118.6,38.6,17.9,76,7.0,13.0
2025-01-08,5,zapote,331,34.6,60.2,1.82,79.4,170.2,24.1,77,16.2,7.3
2025-01-08,6,circunvalacion,1403,33.3,105.8,0.81,86.4,25.8,24.0,55,6.7,15.6
2025-01-08,9,ruta 27,609,14.9,110.4,1.93,85.5,95.6,19.6,81,27.9,8.5
2025-01-08,14,general canas,1607,43.7,20.2,0.36,32.1,127.1,16.6,45,3.1,10.2
2025-01-08,18,zapote,1082,17.3,114.6,0.57,82.9,24.7,19.5,44,16.3,0.1
2025-01-09,1,zapote,1032,52.2,69.4,1.74,86.2,125.4,18.1,72,16.2,3.7
2025-01-09,3,san pedro,858,48.1,23.9,0.41,38.5,55.0,18.8,73,25.8,12.2
2025-01-09,7,ruta 32,886,33.8,75.7,0.15,10.7,170.2,31.4,55,11.2,12.8
2025-01-09,9,ruta 32,1716,17.7,119.0,1.96,112.4,31.8,24.7,67,18.0,17.6
2025-01-09,11,alajuela centro,1007,31.1,52.4,0.99,47.9,100.8,29.1,66,12.7,6.2
2025-01-09,12,alajuela centro,1170,54.7,14.3,1.34,32.9,178.3,28.2,81,27.5,18.6
2025-01-09,13,alajuela centro,514,17.6,92.5,0.18,84.9,49.2,22.3,54,13.5,19.8
2025-01-09,15,ruta 32,843,59.2,59.5,0.46,63.0,83.1,20.2,42,10.4,8.5
2025-01-10,5,alajuela centro,1562,51.2,17.0,0.82,27.9,23.8,27.9,60,6.5,11.5
2025-01-10,7,circunvalacion,220,11.7,115.3,0.28,37.4,110.5,26.8,80,23.2,11.8
2025-01-10,13,alajuela centro,270,45.5,104.0,1.76,59.4,48.3,31.7,51,5.5,11.0
2025-01-10,16,general canas,305,29.9,71.7,0.25,76.6,43.8,28.8,91,8.2,19.1
2025-01-10,18,circunvalacion,1397,39.7,86.0,1.15,63.8,90.4,15.6,63,0.7,0.8
2025-01-10,19,circunvalacion,1801,7.7,48.3,1.24,34.2,130.2,18.9,81,21.3,1.6
2025-01-11,3,alajuela centro,1743,6.9,73.8,1.73,108.7,62.7,26.3,44,11.9,11.1
2025-01-11,17,ruta 32,1979,37.7,37.9,1.76,44.1,85.9,19.9,93,24.9,15.5
2025-01-11,22,circunvalacion,909,15.7,36.5,1.42,55.9,159.8,29.1,43,11.1,17.8
2025-01-11,23,general canas,846,23.9,43.9,0.56,25.7,27.1,31.8,62,26.0,1.0
2025-01-12,11,san pedro,1139,42.3,114.7,0.44,44.0,21.4,17.6,67,16.6,16.0
2025-01-12,20,alajuela centro,1838,48.1,10.7,0.46,98.5,69.1,30.4,76,13.1,16.5
2025-01-13,3,san pedro,1593,39.7,20.5,0.3,103.9,105.5,19.0,95,3.9,4.3
2025-01-13,7,san pedro,1976,78.4,11.0,1.75,16.2,49.6,28.7,74,27.6,3.4
2025-01-13,12,alajuela centro,1197,78.2,52.5,1.78,105.7,76.4,23.8,74,3.8,9.0
2025-01-13,15,ruta 32,1138,72.5,62.8,1.2,63.9,146.2,16.8,68,6.5,13.3
2025-01-13,19,alajuela centro,658,46.4,105.2,0.25,80.0,169.8,26.6,82,4.5,12.3
2025-01-13,21,circunvalacion,1979,21.2,65.5,1.83,73.3,58.9,27.3,40,28.4,9.8
2025-01-14,8,san pedro,575,65.8,62.9,1.32,22.2,140.2,29.1,53,26.7,12.7
2025-01-14,14,san pedro,1239,20.9,63.2,1.33,44.5,73.9,26.4,88,5.2,7.9
2025-01-14,18,zapote,1114,75.1,56.9,1.22,11.0,178.6,31.1,87,25.7,11.0
2025-01-14,20,san pedro,296,49.1,75.4,1.94,99.2,64.2,24.8,77,18.7,7.6
2025-01-14,23,general canas,258,51.8,80.5,0.81,36.1,169.0,21.0,87,18.4,8.4
2025-01-15,2,zapote,1182,65.1,104.0,0.51,18.0,151.4,19.3,77,3.8,14.8
2025-01-15,17,san pedro,1002,74.5,26.7,1.61,19.1,112.6,22.1,73,15.5,5.2
2025-01-15,22,san pedro,1708,54.7,82.0,0.76,45.0,177.7,17.8,46,29.7,6.9
2025-01-16,4,ruta 32,1110,40.8,107.5,1.95,64.7,158.8,27.2,63,7.0,15.9
2025-01-16,9,ruta 27,1784,23.9,74.2,0.98,20.5,115.9,17.6,42,21.8,18.9
2025-01-16,17,san pedro,1509,79.2,98.9,0.37,35.3,174.9,21.2,91,19.0,12.0
2025-01-16,18,zapote,1770,28.2,103.1,0.8,109.2,85.4,21.1,65,28.6,17.0
2025-01-16,19,general canas,684,40.0,108.1,1.94,36.3,173.9,23.1,75,21.3,16.2
2025-01-17,13,ruta 32,933,40.4,13.1,1.5,31.1,123.5,27.0,59,14.4,11.6
2025-01-17,15,zapote,1712,52.2,44.2,1.5,56.4,82.1,16.6,51,25.6,2.8
2025-01-18,10,general canas,943,72.4,110.5,1.65,20.8,136.3,19.7,83,20.6,12.4
2025-01-18,11,san pedro,1002,54.5,49.0,1.53,22.0,86.4,21.0,62,13.4,6.4
2025-01-19,3,san pedro,516,56.0,49.2,1.81,63.6,121.4,20.4,66,6.9,19.0
2025-01-19,4,zapote,1197,39.3,92.8,0.56,95.0,143.5,17.8,78,0.9,18.3
2025-01-19,7,ruta 32,1077,70.7,83.6,1.07,115.1,55.4,20.4,92,0.0,3.3
2025-01-19,22,zapote,617,39.3,96.6,1.72,61.2,132.4,19.5,60,8.2,15.8
2025-01-19,23,alajuela centro,649,70.2,76.8,0.46,87.3,22.5,20.0,61,12.7,9.7
2025-01-20,0,ruta 32,833,48.5,73.4,0.33,94.3,169.5,29.7,69,0.7,14.9
2025-01-20,15,san pedro,461,75.1,86.0,1.6,18.8,55.9,22.2,59,15.7,15.0
2025-01-20,17,circunvalacion,789,37.2,52.9,1.11,51.1,77.5,29.2,91,20.2,4.5
2025-01-20,19,circunvalacion,1767,25.9,76.4,1.27,36.3,164.6,20.3,74,7.8,0.8
2025-01-20,22,ruta 27,1571,38.2,93.1,1.83,102.9,153.1,23.4,48,28.8,14.8
2025-01-21,1,ruta 32,486,68.6,102.0,1.51,33.9,131.2,27.9,64,11.2,8.1
2025-01-21,3,ruta 32,1837,60.5,111.5,1.58,53.6,145.4,15.6,76,14.1,13.1
2025-01-21,4,alajuela centro,267,60.4,43.1,0.36,71.8,67.0,20.3,40,16.8,16.6
2025-01-21,7,alajuela centro,625,59.3,19.6,0.32,37.3,127.0,31.9,56,11.2,12.4
2025-01-21,14,zapote,325,79.6,113.9,1.81,106.1,57.4,22.1,41,19.7,1.4
2025-01-21,19,san pedro,1684,22.6,56.5,0.46,119.4,105.6,23.6,69,9.7,2.9
2025-01-22,0,zapote,1949,53.1,17.8,0.77,63.8,113.1,24.6,41,15.2,10.7
2025-01-22,3,alajuela centro,1735,19.1,67.5,1.23,32.8,179.3,24.4,61,21.8,11.6
2025-01-22,4,alajuela centro,1326,37.2,19.7,0.47,67.3,48.4,17.3,66,22.7,2.4
2025-01-22,6,general canas,1258,68.6,35.0,0.99,99.5,21.7,26.9,70,29.8,16.6
2025-01-22,8,general canas,1530,47.8,56.2,0.24,116.3,86.3,16.0,69,5.3,19.0
2025-01-22,10,ruta 27,426,77.7,75.9,1.32,58.5,49.1,23.8,40,24.3,11.8
2025-01-23,12,ruta 32,891,10.7,105.3,1.89,48.0,81.0,16.5,64,17.3,11.4
2025-01-23,13,general canas,1649,29.6,99.3,1.42,109.9,68.5,17.3,52,12.7,0.6
2025-01-23,19,zapote,210,75.4,48.7,0.79,78.9,102.3,20.8,85,19.3,13.7
2025-01-24,0,ruta 27,981,64.8,114.8,0.2,103.8,59.8,17.3,95,21.7,9.2
2025-01-24,16,alajuela centro,512,27.8,115.9,0.46,34.2,62.9,18.1,64,14.4,17.2
2025-01-25,13,zapote,1172,44.6,68.0,1.77,95.7,59.1,18.7,67,21.7,6.0
2025-01-25,15,san pedro,720,47.3,72.3,0.38,110.5,83.3,21.5,77,7.2,6.9
2025-01-25,22,ruta 32,1057,13.5,49.4,1.43,81.8,131.5,16.9,63,5.8,7.0
2025-01-26,2,alajuela centro,282,46.8,34.2,0.93,43.7,107.2,31.4,89,10.0,0.2
2025-01-26,3,general canas,618,61.5,26.2,1.94,57.1,73.5,19.2,63,2.6,13.1
2025-01-26,5,ruta 32,1891,57.2,83.5,1.54,22.1,64.5,25.3,48,10.1,12.2
2025-01-26,12,general canas,1072,13.5,93.9,0.95,77.9,20.6,26.4,51,27.5,16.5
2025-01-26,17,san pedro,935,67.7,77.3,1.26,85.7,40.4,29.2,83,16.3,15.9
2025-01-26,23,ruta 27,372,27.3,34.1,0.19,25.6,22.9,22.9,93,24.8,17.7
2025-01-27,1,circunvalacion,451,50.6,65.9,1.5,83.7,66.0,29.3,42,28.1,19.2
2025-01-27,4,ruta 27,502,67.5,50.0,0.63,35.2,118.2,31.4,62,26.7,4.9
2025-01-27,9,general canas,1271,68.5,21.9,0.46,51.0,75.3,30.8,59,11.7,12.8
2025-01-27,11,zapote,1272,30.0,99.6,0.17,54.4,26.4,27.2,70,17.0,11.7
2025-01-27,12,zapote,342,49.2,70.6,0.17,52.4,167.9,23.9,53,17.3,10.0
2025-01-27,17,alajuela centro,201,41.7,70.2,0.79,103.9,52.2,29.5,72,5.2,17.7
2025-01-28,0,ruta 32,1476,29.0,112.4,0.85,110.6,137.9,16.0,88,16.9,10.6
2025-01-28,6,ruta 27,1621,29.3,68.4,1.54,68.7,27.3,17.4,51,10.1,14.8
2025-01-28,10,ruta 32,411,51.3,72.7,1.12,60.7,102.4,21.2,53,23.7,11.2
2025-01-28,21,general canas,1870,54.8,81.2,1.46,48.2,72.7,31.7,79,8.3,8.3
2025-01-29,4,alajuela centro,807,13.0,85.0,1.39,47.9,105.4,21.3,85,10.0,1.7
2025-01-29,6,general canas,832,55.7,106.0,1.81,83.1,168.4,25.4,75,23.3,1.2
2025-01-29,12,zapote,542,58.5,45.3,0.25,106.1,32.4,23.6,56,26.6,9.7
2025-01-29,14,ruta 32,623,25.1,65.9,1.06,69.5,55.4,26.2,78,25.9,18.3
2025-01-29,17,alajuela centro,1262,11.0,50.9,0.37,63.6,56.8,27.0,78,10.5,14.8
2025-01-30,23,ruta 32,646,48.0,114.9,1.66,81.5,117.9,20.3,64,11.3,7.3
2025-01-31,1,san pedro,439,21.0,74.0,0.46,31.8,83.0,16.6,88,12.3,14.4
2025-01-31,9,general canas,1255,51.2,119.6,1.82,86.0,142.4,27.8,93,21.4,19.8
2025-01-31,11,circunvalacion,868,19.0,17.1,0.93,67.7,52.7,18.2,43,0.8,19.3
2025-01-31,16,general canas,1471,50.3,75.3,1.21,111.2,40.3,24.8,65,19.3,0.7
2025-01-31,22,ruta 32,658,17.4,17.3,1.33,99.0,81.7,24.4,60,18.7,16.7
2025-02-01,0,ruta 27,336,39.7,105.1,0.25,111.9,147.3,15.1,69,25.1,19.7
2025-02-01,5,circunvalacion,1658,69.0,48.2,1.62,50.5,112.3,22.4,45,22.0,19.1
2025-02-01,6,general canas,1688,69.2,111.5,0.8,29.1,56.0,27.2,54,19.6,5.9
2025-02-01,9,ruta 27,682,5.9,107.9,1.69,86.3,115.6,15.8,56,7.9,15.2
2025-02-01,10,san pedro,1072,8.3,33.0,0.3,104.3,149.3,27.9,54,4.1,2.9
2025-02-01,11,general canas,1766,7.5,21.7,1.67,31.9,21.1,28.7,41,17.1,12.2
2025-02-01,16,circunvalacion,751,75.7,41.5,1.38,13.4,98.0,16.4,49,7.4,6.8
2025-02-01,18,alajuela centro,1943,41.8,11.7,1.45,53.6,63.9,18.4,90,8.2,7.7
2025-02-02,7,ruta 27,1259,57.7,99.8,0.81,18.9,118.5,16.4,53,26.6,1.7
2025-02-02,14,zapote,395,21.2,23.1,1.19,10.6,176.2,30.2,56,15.8,3.3
2025-02-02,22,zapote,427,68.5,34.9,0.12,81.0,37.1,31.2,66,25.8,8.3
2025-02-03,3,circunvalacion,1510,75.1,81.4,0.63,102.1,143.5,27.0,58,25.1,17.1
2025-02-03,4,alajuela centro,661,51.4,55.0,0.23,76.4,29.1,28.3,72,1.6,18.5
2025-02-03,9,alajuela centro,936,6.5,80.2,0.38,17.4,118.4,25.6,72,30.0,1.3
2025-02-03,10,alajuela centro,902,34.2,119.3,0.11,17.6,100.1,23.5,66,12.7,16.8
2025-02-03,16,ruta 32,1909,63.0,58.7,1.71,75.7,39.8,26.2,47,28.1,6.1
2025-02-03,19,alajuela centro,782,77.0,29.8,1.41,54.7,131.8,17.9,42,4.5,2.0
2025-02-03,20,general canas,1275,20.8,73.1,1.13,67.5,40.8,24.9,72,3.2,1.8
2025-02-03,23,circunvalacion,1486,21.4,38.3,0.17,25.0,144.4,27.0,85,18.5,12.2
2025-02-04,7,ruta 32,726,55.7,38.1,0.35,103.3,72.5,19.0,91,23.9,16.1
2025-02-04,11,san pedro,1772,9.5,41.7,1.95,39.4,79.1,31.1,51,1.3,1.0
2025-02-04,22,general canas,1417,73.6,82.3,0.59,103.9,113.1,29.3,64,8.4,13.2
2025-02-05,6,san pedro,816,72.0,20.5,0.74,111.5,141.3,24.6,85,29.4,16.6
2025-02-05,11,zapote,1998,68.5,24.9,1.88,16.1,47.1,20.8,47,14.0,17.1
2025-02-05,17,san pedro,736,55.6,81.5,0.57,71.8,156.8,23.1,68,13.6,11.0
2025-02-05,18,ruta 27,1196,70.5,106.7,1.92,22.0,172.8,28.1,58,28.5,10.1
2025-02-05,19,circunvalacion,1902,8.7,81.0,0.25,104.8,29.2,17.3,92,26.6,13.2
2025-02-05,21,ruta 27,867,13.7,62.1,1.92,49.6,174.5,26.5,44,3.1,2.7
2025-02-06,3,circunvalacion,904,75.1,18.3,1.93,99.2,123.3,29.9,67,8.5,17.0
2025-02-06,5,ruta 27,577,49.6,28.2,1.41,112.1,110.0,17.6,67,22.7,2.6
2025-02-06,17,alajuela centro,1183,77.8,41.5,1.03,60.0,84.9,27.4,41,4.2,9.3
2025-02-06,18,ruta 27,312,6.5,30.1,0.65,111.7,80.2,30.9,54,26.7,12.4
2025-02-07,6,san pedro,1954,26.8,71.2,1.97,108.5,149.2,23.4,81,27.3,11.2
2025-02-07,8,general canas,1726,78.9,119.0,0.12,82.8,161.1,26.3,55,15.8,6.1
2025-02-07,10,circunvalacion,1029,60.4,13.5,0.73,22.4,77.1,25.3,78,8.4,11.2
2025-02-07,11,alajuela centro,337,71.7,71.1,1.04,84.7,81.7,23.1,45,17.8,18.8
2025-02-07,23,circunvalacion,1161,76.3,24.8,1.76,96.3,142.0,24.9,64,6.9,14.7
2025-02-08,5,general canas,409,71.3,43.0,1.64,112.4,48.7,26.9,63,9.1,13.8
2025-02-08,9,ruta 27,492,59.0,70.8,1.12,70.8,83.7,26.0,57,29.4,2.7
2025-02-09,7,ruta 32,696,76.3,38.7,1.76,20.6,178.4,28.1,54,19.1,5.2
2025-02-09,19,circunvalacion,1952,58.5,80.9,0.25,17.3,26.2,15.6,45,13.7,5.1
2025-02-09,21,san pedro,663,59.2,65.6,1.71,62.3,167.9,28.3,45,21.0,3.8
2025-02-10,3,san pedro,1163,59.0,80.3,1.16,38.4,159.2,29.5,75,22.5,10.7
2025-02-10,16,san pedro,520,78.2,49.9,1.99,60.2,27.5,15.8,53,21.9,8.8
2025-02-10,23,general canas,1816,60.4,119.4,1.97,53.2,115.4,28.7,73,16.2,6.5
2025-02-11,3,san pedro,636,34.9,105.7,0.73,12.8,73.0,19.9,75,1.6,10.9
2025-02-11,4,san pedro,400,37.1,95.4,1.82,58.0,26.0,28.8,64,11.9,15.6
2025-02-11,7,zapote,705,77.6,21.6,1.32,54.4,120.6,21.0,44,19.1,4.4
2025-02-11,12,san pedro,574,74.9,73.3,1.29,43.6,177.9,29.6,57,21.5,13.9
2025-02-11,13,ruta 32,653,15.0,27.8,1.83,98.4,178.1,28.9,74,12.5,3.9
2025-02-12,3,ruta 27,884,18.1,102.6,1.25,116.6,129.5,22.4,92,27.7,0.6
2025-02-12,4,alajuela centro,286,52.8,11.0,1.16,27.1,47.9,27.4,68,13.6,11.9
2025-02-12,7,zapote,407,66.1,35.7,0.58,110.4,21.9,16.0,72,24.3,7.2
2025-02-12,10,ruta 27,1142,30.9,118.5,1.34,78.9,116.0,27.5,70,10.2,14.6
2025-02-12,15,zapote,635,27.4,59.2,0.92,57.9,74.6,23.0,87,19.9,8.4
2025-02-12,19,ruta 27,935,43.0,50.5,1.62,43.6,136.7,27.1,56,25.5,12.9
2025-02-12,21,circunvalacion,521,60.5,53.3,0.75,30.8,107.1,22.4,59,21.0,4.4
2025-02-13,13,ruta 32,1613,31.3,110.6,0.34,24.8,26.6,30.1,50,0.7,16.1
2025-02-13,16,alajuela centro,1045,42.3,104.5,1.31,72.1,144.7,25.9,94,10.3,4.9
2025-02-14,1,ruta 27,355,39.0,98.4,0.12,75.5,125.5,30.8,53,17.8,18.3
2025-02-14,5,circunvalacion,782,72.4,106.6,0.14,74.8,115.5,29.4,69,7.3,0.9
2025-02-14,9,circunvalacion,1963,6.7,93.8,0.47,56.7,140.1,29.1,40,12.4,9.6
2025-02-14,10,circunvalacion,1136,11.0,101.9,0.58,18.9,142.9,17.8,76,10.6,0.9
2025-02-14,12,alajuela centro,1242,7.8,94.6,0.51,71.3,97.5,15.2,70,14.1,1.5
2025-02-14,22,general canas,1018,17.6,50.5,0.11,38.6,94.7,22.5,84,13.2,9.8
2025-02-15,14,general canas,1084,60.9,25.7,0.91,100.8,105.9,31.2,63,26.2,1.3
2025-02-15,19,ruta 27,1584,67.7,83.0,1.66,98.4,171.6,26.1,68,1.6,2.8
2025-02-15,20,san pedro,243,69.5,72.0,1.95,36.0,49.4,28.3,92,1.3,6.0
2025-02-15,22,san pedro,407,65.5,79.6,1.15,101.3,59.4,26.3,40,1.5,16.1
2025-02-15,23,zapote,601,12.6,32.7,0.96,35.3,98.0,30.6,49,13.7,7.3
2025-02-16,2,zapote,1009,74.0,18.6,0.97,61.3,143.9,15.4,87,9.3,7.0
2025-02-16,4,alajuela centro,1441,8.9,98.2,0.99,100.2,153.1,19.6,59,22.9,10.9
2025-02-16,10,zapote,726,5.5,35.0,1.31,104.7,157.4,28.8,75,5.7,19.1
2025-02-16,12,zapote,878,22.1,108.7,0.75,85.5,33.2,24.4,60,20.4,10.4
2025-02-16,19,zapote,1320,23.4,28.2,1.14,93.6,168.4,17.0,60,23.0,18.2
2025-02-17,11,ruta 32,1404,64.5,43.2,0.56,114.3,144.0,28.4,77,5.1,17.2
2025-02-17,18,zapote,1236,23.3,35.2,0.91,110.3,43.6,25.3,85,2.3,0.4
2025-02-17,22,san pedro,569,23.3,116.7,0.38,115.0,76.9,27.3,69,0.2,7.5
2025-02-18,3,ruta 27,1026,40.0,23.5,1.41,49.2,166.7,28.7,45,9.2,11.4
2025-02-18,18,circunvalacion,249,19.8,84.6,0.5,17.8,41.3,20.7,41,11.4,11.2
2025-02-19,0,zapote,870,20.0,110.8,0.61,102.3,111.5,15.6,72,24.9,8.5
2025-02-19,7,general canas,218,30.2,41.9,1.61,44.2,27.9,17.3,59,11.9,15.7
2025-02-19,9,ruta 32,902,70.5,70.1,1.22,104.4,90.8,15.0,45,8.9,7.1
2025-02-19,18,zapote,1402,46.2,91.3,1.07,110.4,41.0,30.5,75,18.2,17.1
2025-02-19,22,san pedro,607,28.9,66.3,1.63,82.3,65.5,30.9,90,3.8,4.6
2025-02-20,1,alajuela centro,712,41.4,27.1,1.82,75.8,120.6,24.8,81,9.6,7.9
2025-02-20,5,ruta 27,1682,71.7,79.2,1.88,17.5,133.1,19.7,48,29.2,7.2
2025-02-20,12,ruta 27,894,64.9,114.7,0.27,38.3,92.0,29.8,88,8.3,5.8
2025-02-21,8,zapote,1876,25.0,99.6,0.68,81.8,33.8,27.3,58,0.6,13.6
2025-02-21,10,ruta 32,1588,5.7,50.2,1.83,101.4,161.9,28.9,47,10.1,4.9
2025-02-21,15,general canas,1034,15.7,69.1,0.81,13.0,126.1,24.1,73,5.8,18.8
2025-02-21,17,zapote,347,40.1,78.7,1.54,77.8,35.2,15.5,79,21.1,12.2
2025-02-21,23,circunvalacion,734,64.7,48.0,1.5,99.2,114.5,16.3,43,26.1,0.3
2025-02-22,1,ruta 32,687,10.4,110.5,0.47,45.8,137.2,16.4,75,3.9,15.1
2025-02-22,4,zapote,473,10.3,113.6,1.9,46.1,166.8,21.5,42,26.8,17.1
2025-02-22,11,san pedro,1455,68.5,34.6,1.04,92.8,62.8,29.5,53,4.0,13.1
2025-02-22,15,alajuela centro,240,18.8,109.7,0.47,86.0,51.5,22.8,44,26.7,19.7
2025-02-22,16,ruta 27,851,7.6,60.9,0.62,56.7,152.2,18.8,95,1.2,2.0
2025-02-23,1,zapote,545,79.9,93.5,0.13,112.8,63.0,31.6,72,25.4,9.8
2025-02-23,5,ruta 32,921,33.3,94.0,1.18,13.1,72.7,18.5,94,22.1,6.7
2025-02-23,8,zapote,1479,60.5,68.5,0.2,29.5,82.3,22.5,90,2.5,4.9
2025-02-23,9,general canas,1401,21.1,10.1,0.82,107.4,23.3,17.1,95,6.1,7.0
2025-02-23,12,san pedro,1784,23.2,30.2,0.8,55.8,49.4,29.4,95,10.9,8.5
2025-02-23,14,zapote,1803,23.1,101.0,0.25,52.5,102.4,19.8,49,21.0,11.9
2025-02-23,16,circunvalacion,240,68.0,54.8,1.34,61.5,72.3,29.7,58,15.9,16.8
2025-02-23,18,alajuela centro,1556,62.8,81.4,0.53,115.4,159.0,24.1,79,28.1,2.2
2025-02-23,23,general canas,1538,9.4,86.9,0.8,66.4,25.3,29.3,65,21.0,6.4
2025-02-24,4,zapote,1546,10.9,13.6,1.61,44.3,129.8,31.1,63,18.9,7.7
2025-02-24,8,ruta 32,1108,71.7,68.9,1.97,12.6,41.4,21.7,72,26.9,0.3
2025-02-24,14,ruta 27,1372,56.2,117.8,1.95,105.2,148.0,20.3,74,2.5,14.2
2025-02-25,8,alajuela centro,1587,78.1,110.1,0.57,82.0,147.4,19.6,52,29.3,3.1
2025-02-26,6,ruta 27,853,6.9,112.3,0.7,15.8,75.5,17.6,40,17.5,18.2
2025-02-26,7,san pedro,1116,73.0,14.8,1.96,101.5,44.1,15.4,83,24.3,9.2
2025-02-26,10,zapote,1444,12.0,101.4,1.69,91.4,60.3,27.3,73,8.2,14.0
2025-02-26,12,ruta 32,510,76.0,91.6,1.67,107.3,167.7,30.9,95,6.7,10.1
2025-02-26,14,ruta 27,771,37.6,94.7,1.18,104.6,84.5,28.9,83,11.9,19.9
2025-02-26,19,alajuela centro,1551,9.5,103.4,1.7,37.9,176.0,31.1,73,22.4,3.4
2025-02-26,20,circunvalacion,670,32.7,119.6,0.94,93.9,60.0,21.0,81,2.4,13.5
2025-02-26,22,zapote,1071,17.5,24.3,1.79,63.6,45.8,25.5,89,8.7,10.0
2025-02-27,0,circunvalacion,1366,45.2,81.8,1.97,82.5,159.0,24.8,64,19.5,8.9
2025-02-27,9,alajuela centro,1554,5.0,46.0,1.92,19.4,73.8,23.2,62,25.8,8.5
2025-02-27,20,zapote,227,35.9,61.4,0.17,45.3,48.2,21.7,88,18.2,16.3
2025-02-28,1,alajuela centro,566,13.8,92.7,0.19,60.1,24.8,19.2,76,3.6,1.8
2025-02-28,3,ruta 27,1529,13.9,16.1,0.6,65.5,48.1,25.8,50,7.5,16.8
2025-02-28,5,ruta 32,962,79.7,40.8,1.33,101.4,68.1,18.5,70,9.4,11.8
2025-02-28,8,circunvalacion,1521,28.7,86.9,0.57,60.5,64.0,30.7,73,24.2,7.2
2025-02-28,19,zapote,1694,76.7,66.8,0.92,73.2,56.6,31.2,53,0.2,10.6
2025-02-28,22,ruta 27,1678,22.7,51.9,1.63,42.6,139.7,26.7,93,3.2,13.9
2025-03-01,10,circunvalacion,433,10.6,39.0,0.15,44.2,36.6,24.0,59,0.5,19.3
2025-03-01,14,san pedro,1526,38.5,16.6,0.3,76.5,73.9,30.0,78,23.5,17.5
2025-03-02,2,san pedro,1602,42.4,105.5,0.45,39.0,154.2,23.5,82,7.2,19.4
2025-03-02,6,ruta 27,1736,33.2,52.6,1.63,118.9,92.7,16.4,44,1.7,16.4
2025-03-02,10,alajuela centro,1144,38.7,46.4,0.71,14.2,109.1,17.7,45,1.5,7.5
2025-03-02,15,ruta 32,935,42.8,38.5,1.17,70.8,126.9,31.7,48,23.4,19.1
2025-03-02,22,ruta 32,473,68.9,45.7,0.34,32.3,29.5,28.9,90,29.6,3.3
2025-03-02,23,zapote,1463,22.6,30.6,1.64,116.3,21.8,26.7,71,9.1,17.8
2025-03-03,3,circunvalacion,1771,52.1,72.9,1.64,91.5,83.2,23.2,62,25.5,16.2
2025-03-03,4,general canas,1671,74.3,113.0,1.95,81.9,99.4,21.7,66,18.4,9.3
2025-03-03,7,zapote,548,21.9,114.3,1.8,34.0,167.4,17.9,95,26.6,4.0
2025-03-03,13,ruta 32,1889,23.4,76.8,1.25,43.4,56.4,24.4,78,6.7,8.8
2025-03-03,17,ruta 32,507,32.6,105.1,1.8,101.4,96.5,21.5,48,29.4,14.4
2025-03-03,19,circunvalacion,1960,32.2,85.4,1.03,18.3,157.8,21.5,78,8.7,8.3
2025-03-03,20,ruta 32,1446,33.7,98.4,1.18,116.6,78.9,20.7,61,26.9,12.4
2025-03-03,22,zapote,757,44.6,37.6,1.85,88.9,178.6,28.7,91,4.8,7.8
2025-03-04,1,ruta 32,1411,76.6,51.7,1.02,19.9,101.0,30.5,44,22.8,15.9
2025-03-04,3,zapote,1378,78.9,77.5,0.18,94.3,65.9,28.2,70,12.1,8.1
2025-03-04,5,circunvalacion,1252,43.5,82.8,0.52,21.0,167.4,16.4,54,0.5,5.9
2025-03-04,12,alajuela centro,1606,61.5,104.5,1.51,62.6,129.9,19.3,75,19.6,0.7
2025-03-04,13,circunvalacion,1834,34.5,52.8,0.34,42.2,116.1,20.4,85,16.2,16.4
2025-03-04,21,ruta 32,1653,20.7,74.2,1.42,20.1,64.2,23.0,51,19.9,20.0
2025-03-05,7,circunvalacion,963,69.3,60.4,1.4,58.6,99.4,20.3,44,13.4,12.4
2025-03-06,3,alajuela centro,1943,69.6,27.7,1.86,105.9,81.4,28.5,82,27.9,4.5
2025-03-06,4,ruta 27,1604,38.0,83.1,0.64,91.4,22.6,27.4,44,9.3,11.0
2025-03-06,10,general canas,963,21.1,92.2,1.3,95.0,105.7,18.9,54,3.5,15.4
2025-03-06,11,ruta 32,1527,43.7,41.1,1.17,15.3,37.8,23.9,92,4.2,11.8
2025-03-06,13,ruta 27,1853,79.9,99.8,0.3,10.0,48.7,28.7,83,19.4,7.2
2025-03-06,23,ruta 27,630,30.0,103.9,1.18,83.2,98.9,17.9,49,14.3,7.2
2025-03-07,4,zapote,898,55.0,18.3,1.07,116.5,30.0,21.6,95,24.8,7.0
2025-03-07,6,circunvalacion,688,35.9,43.8,1.38,14.1,164.6,22.6,44,8.9,6.0
2025-03-07,8,general canas,967,58.2,15.9,1.45,118.0,97.3,18.9,82,24.9,6.8
2025-03-07,10,ruta 32,286,17.6,105.5,1.0,73.6,100.0,25.4,92,4.6,16.2
2025-03-07,13,general canas,248,70.5,80.1,0.61,16.8,23.0,29.9,71,2.7,8.1
2025-03-07,21,alajuela centro,1304,56.3,34.1,1.55,30.8,159.7,16.2,60,21.0,6.8
2025-03-07,22,general canas,1775,16.5,72.4,1.83,19.6,172.2,19.0,87,12.0,1.1
2025-03-08,5,san pedro,1984,74.1,18.1,0.57,101.2,68.1,25.1,65,10.8,9.0
2025-03-08,21,general canas,1259,68.7,72.2,1.71,57.9,86.1,20.7,84,6.8,8.5
2025-03-09,2,general canas,1624,34.1,62.7,1.39,88.3,176.4,26.6,86,21.1,15.4
2025-03-09,12,general canas,403,68.8,52.3,1.29,99.6,51.5,26.4,49,18.2,19.9
2025-03-09,17,san pedro,288,28.8,120.0,0.6,79.2,95.3,29.8,81,26.4,13.3
2025-03-09,20,alajuela centro,1184,48.0,100.2,1.16,88.2,159.0,17.7,50,18.5,6.2
2025-03-09,23,ruta 27,1266,65.6,114.3,1.46,43.4,145.2,28.5,45,15.8,12.1
2025-03-10,9,circunvalacion,1787,78.1,61.3,1.49,67.8,131.3,15.7,49,20.7,2.7
2025-03-11,4,general canas,1229,70.2,96.5,1.45,76.0,47.5,26.0,75,22.2,14.8
2025-03-11,6,general canas,685,41.9,62.2,0.83,39.7,22.3,23.7,79,11.0,12.1
2025-03-11,11,general canas,1967,40.2,70.7,1.86,50.1,167.3,17.4,54,16.1,19.9
2025-03-11,12,zapote,325,32.5,32.5,0.39,88.6,135.8,15.9,67,13.8,19.2
2025-03-11,16,ruta 27,418,37.2,75.9,1.9,69.8,24.7,24.7,59,18.5,13.8
2025-03-11,20,ruta 32,302,37.7,118.6,1.06,59.5,40.1,21.5,51,26.0,15.2
2025-03-12,0,zapote,685,22.4,56.4,0.12,79.1,127.7,30.9,70,23.3,13.7
2025-03-12,9,alajuela centro,705,32.5,91.5,1.25,24.0,149.4,22.6,90,0.1,6.8
2025-03-12,12,ruta 32,206,16.4,34.6,0.77,32.4,110.6,22.3,87,20.3,7.3
2025-03-12,14,circunvalacion,848,78.8,115.3,1.89,15.5,160.1,17.1,43,3.8,11.4
2025-03-13,9,zapote,1013,15.9,95.3,0.92,80.0,144.4,23.8,43,3.4,5.5
2025-03-13,11,general canas,1480,32.1,78.8,1.39,80.3,178.2,17.9,70,8.1,19.2
2025-03-13,14,san pedro,1394,38.4,35.8,0.62,79.5,60.3,20.1,41,24.3,19.3
2025-03-13,15,circunvalacion,528,36.5,41.4,0.61,44.8,108.1,23.0,80,9.9,3.9
2025-03-13,19,san pedro,1874,5.7,13.6,0.9,92.9,35.6,27.4,78,24.1,4.5
2025-03-14,0,general canas,1019,27.3,63.4,1.02,92.0,144.7,22.4,62,18.5,0.1
2025-03-14,2,zapote,468,55.5,57.7,0.52,107.2,155.3,28.5,66,17.0,7.4
2025-03-14,3,ruta 27,979,24.0,87.3,1.15,103.7,47.3,26.8,58,14.7,8.5
2025-03-15,1,san pedro,1108,8.1,86.4,1.42,82.3,167.5,15.2,65,21.0,2.2
2025-03-15,2,alajuela centro,633,42.1,47.6,1.29,49.6,41.0,27.8,56,25.3,6.2
2025-03-16,7,zapote,898,48.4,96.3,1.12,23.5,114.3,30.6,92,25.7,2.2
2025-03-16,11,ruta 27,1671,15.3,62.5,0.33,70.5,93.8,20.6,76,26.8,4.2
2025-03-16,16,san pedro,577,20.7,88.9,0.46,63.9,85.6,17.2,49,25.0,11.2
2025-03-17,5,alajuela centro,1692,23.3,91.8,1.67,19.4,124.3,29.9,55,0.7,2.0
2025-03-17,7,san pedro,414,31.4,59.9,0.54,112.6,101.3,16.4,44,7.5,14.4
2025-03-17,12,ruta 27,298,50.5,81.4,0.98,37.4,140.2,17.2,93,5.9,18.6
2025-03-17,13,san pedro,1927,53.4,22.9,0.68,89.7,173.0,24.9,69,13.8,10.1
2025-03-18,2,alajuela centro,1316,56.3,114.3,1.77,60.0,160.0,16.1,50,21.0,1.1
2025-03-18,15,zapote,1182,58.5,71.4,1.95,41.7,24.7,21.4,47,18.2,11.1
2025-03-18,22,alajuela centro,438,73.9,109.5,0.85,109.1,152.2,15.1,92,26.8,13.2
2025-03-18,23,zapote,1509,30.8,32.1,0.65,96.9,91.3,16.7,56,30.0,18.8
2025-03-19,11,ruta 27,434,9.0,58.5,0.88,101.8,89.1,15.5,50,2.4,6.2
2025-03-19,16,alajuela centro,1200,56.1,115.4,0.67,49.6,163.1,20.8,69,29.9,19.5
2025-03-19,17,zapote,1964,10.9,47.2,1.66,32.6,73.1,18.1,80,28.8,3.7
2025-03-19,22,ruta 27,1626,41.4,97.6,0.88,92.6,41.9,31.3,76,26.2,11.0
2025-03-20,3,san pedro,212,42.3,103.0,1.39,55.3,103.2,18.4,86,18.2,8.8
2025-03-20,4,ruta 32,596,43.5,64.2,0.47,80.1,135.6,30.9,67,5.6,11.7
2025-03-20,6,circunvalacion,1612,48.7,28.3,1.89,71.8,28.3,25.9,55,12.0,19.2
2025-03-20,7,ruta 32,801,56.1,95.5,1.77,14.8,77.9,15.4,58,11.5,0.8
2025-03-20,20,general canas,1555,50.6,35.8,1.97,13.7,50.5,16.4,50,1.5,18.1
2025-03-21,6,san pedro,1020,78.1,97.2,0.19,101.9,52.2,26.5,68,6.0,1.4
2025-03-21,9,ruta 27,1479,56.0,47.9,1.49,83.5,143.6,28.9,55,16.0,7.8
2025-03-21,15,general canas,667,37.9,37.4,0.46,109.7,83.3,30.0,64,4.4,17.2
2025-03-22,1,circunvalacion,1997,55.3,33.1,0.44,110.9,114.7,21.2,73,12.1,14.9
2025-03-22,3,san pedro,1271,77.0,80.5,0.64,116.2,97.9,25.4,41,19.6,15.2
2025-03-22,12,circunvalacion,387,14.3,38.2,1.47,97.5,41.2,29.4,56,9.1,3.7
2025-03-22,15,zapote,384,33.0,41.1,1.75,109.3,74.7,17.7,89,12.7,10.4
2025-03-22,16,alajuela centro,1978,24.3,16.4,0.23,20.8,150.6,19.6,53,29.3,2.2
2025-03-22,18,ruta 27,686,7.9,53.7,0.88,58.3,141.8,29.1,58,4.4,4.3
2025-03-22,21,general canas,853,60.0,10.2,1.55,64.4,96.1,20.2,79,3.2,7.5
2025-03-22,23,alajuela centro,589,20.6,80.2,1.98,97.8,173.1,29.6,69,29.6,17.2
2025-03-23,11,general canas,856,23.2,34.3,0.72,110.5,126.3,18.2,55,28.7,17.5
2025-03-23,20,circunvalacion,1992,74.4,82.3,0.61,88.2,40.2,31.6,67,12.2,8.6
2025-03-24,5,ruta 32,968,34.4,90.1,0.98,76.1,139.7,28.0,77,4.4,15.1
2025-03-24,17,ruta 32,1057,61.0,33.7,0.35,25.0,121.6,26.8,78,12.6,17.4
2025-03-25,9,ruta 32,848,37.4,86.5,1.94,35.8,106.2,29.8,76,28.9,14.5
2025-03-25,14,ruta 32,1072,62.0,111.1,0.12,111.7,48.3,30.3,64,28.9,2.0
2025-03-25,20,alajuela centro,247,75.2,39.3,1.74,82.3,103.9,19.2,53,5.2,18.0
2025-03-26,7,alajuela centro,350,63.9,40.7,1.5,63.7,119.5,31.7,69,7.5,9.6
2025-03-26,11,ruta 32,1548,53.9,86.0,1.68,113.9,65.3,20.9,88,13.7,12.8
2025-03-26,14,ruta 27,1435,29.8,87.4,0.8,67.6,84.6,24.0,69,28.3,19.2
2025-03-26,16,ruta 27,215,55.6,86.2,0.59,20.0,177.5,27.3,90,22.8,7.2
2025-03-26,20,alajuela centro,282,48.3,72.4,1.51,81.9,155.4,21.3,41,10.6,0.6
2025-03-27,3,ruta 32,740,6.3,76.8,1.6,26.5,135.9,28.8,85,21.4,3.2
2025-03-27,6,san pedro,940,14.8,23.1,0.3,64.2,32.7,20.4,45,5.6,18.2
2025-03-27,12,zapote,1930,38.3,113.3,1.97,11.9,75.7,25.4,61,15.7,1.6
2025-03-27,20,ruta 27,1421,13.9,37.2,0.31,58.8,123.6,28.0,60,13.9,18.2
2025-03-28,4,alajuela centro,367,45.9,88.9,0.62,54.8,20.7,15.6,45,10.2,15.4
2025-03-28,9,zapote,1556,58.8,70.4,1.02,46.9,128.9,17.1,91,19.4,10.6
2025-03-28,20,ruta 27,1410,5.2,100.4,1.53,17.6,25.0,23.4,50,11.5,10.0
2025-03-28,22,san pedro,1645,34.2,67.3,1.31,12.4,75.1,28.5,74,20.6,4.8
2025-03-29,8,ruta 27,379,40.9,73.0,1.52,24.1,167.7,22.9,73,26.8,9.6
2025-03-29,10,ruta 32,1273,35.4,77.4,0.81,11.9,54.3,16.4,80,15.0,2.5
2025-03-29,14,general canas,788,37.5,19.7,1.3,25.2,20.3,25.1,42,0.4,14.3
2025-03-29,15,ruta 32,347,20.8,59.9,0.58,114.1,144.4,18.0,58,0.2,9.4
2025-03-29,17,ruta 32,1248,39.3,67.7,1.52,53.2,76.5,23.7,60,28.9,9.3
2025-03-29,21,circunvalacion,1972,47.9,62.4,0.95,61.1,178.8,25.0,66,12.5,17.1
2025-03-30,2,general canas,1695,27.6,38.5,0.47,84.3,119.8,31.3,67,5.3,3.0
2025-03-30,3,general canas,350,42.7,15.2,0.56,13.6,133.7,20.9,65,30.0,12.4
2025-03-30,9,alajuela centro,1333,23.1,14.1,1.89,110.3,78.7,18.5,45,21.6,19.0
2025-03-30,15,general canas,950,59.3,55.3,0.69,79.6,97.4,25.1,55,21.8,10.1
2025-03-30,16,alajuela centro,1369,27.4,20.8,1.65,24.9,29.1,22.2,85,9.7,19.1
2025-03-30,22,circunvalacion,1497,39.0,56.6,0.66,95.9,170.1,31.5,66,6.0,8.8
2025-03-30,23,zapote,201,28.2,82.3,1.82,38.3,142.7,30.5,85,12.7,19.9
2025-03-31,1,san pedro,372,34.6,87.8,0.67,75.3,162.6,30.5,89,0.5,9.9
2025-03-31,2,san pedro,1973,56.4,72.8,0.86,47.3,153.9,24.4,58,17.5,11.5
2025-03-31,3,alajuela centro,347,77.4,90.6,0.48,29.5,52.7,24.4,41,26.8,17.5
2025-03-31,6,ruta 27,1534,76.7,88.4,0.75,25.0,116.7,15.8,65,21.5,12.7
2025-03-31,7,alajuela centro,611,44.1,102.6,1.02,106.6,170.6,21.9,40,27.3,17.3
2025-03-31,11,alajuela centro,947,32.7,50.1,0.4,70.4,25.9,29.0,85,10.0,17.3
2025-03-31,16,ruta 32,386,68.2,76.4,0.39,118.0,117.5,20.6,85,6.6,4.0
2025-03-31,19,ruta 27,917,6.8,102.5,1.9,48.9,96.3,31.5,79,2.0,1.4
2025-03-31,20,circunvalacion,432,12.6,11.2,1.43,46.6,170.9,27.1,40,2.3,6.9
2025-03-31,22,ruta 32,1703,48.6,84.5,1.68,52.7,144.0,20.3,63,20.3,2.9
2025-04-01,13,san pedro,1793,36.5,81.6,0.26,13.2,20.8,18.1,92,29.1,4.2
2025-04-01,23,ruta 32,764,46.0,73.1,0.58,110.8,46.6,21.1,55,14.4,13.5
2025-04-02,11,ruta 27,1690,55.1,43.7,1.89,92.2,56.0,20.2,73,19.1,5.8
2025-04-02,12,zapote,1749,37.7,93.4,0.24,91.5,97.0,16.4,73,2.9,9.2
2025-04-02,13,general canas,1309,78.6,97.4,0.77,74.6,121.1,20.8,63,27.2,8.8
2025-04-02,17,general canas,986,38.9,46.5,1.46,42.4,164.3,27.5,86,12.0,4.8
2025-04-02,21,general canas,1172,59.2,86.0,0.74,17.3,131.3,16.8,70,29.7,11.5
2025-04-02,22,ruta 32,1064,23.1,91.3,1.38,66.8,128.6,18.8,93,4.6,11.4
2025-04-03,1,ruta 32,1612,78.2,72.2,0.11,20.5,168.0,27.4,75,2.1,11.8
2025-04-03,8,ruta 27,1042,75.7,87.0,1.04,35.3,81.0,27.3,62,12.2,1.7
2025-04-03,14,general canas,267,9.8,98.0,0.92,54.7,106.9,18.8,70,23.0,17.9
2025-04-03,17,san pedro,1547,34.9,110.8,0.55,97.8,128.0,18.8,79,10.4,18.8
2025-04-03,19,alajuela centro,873,29.6,106.5,1.77,74.8,95.0,23.3,40,26.5,2.9
2025-04-03,22,alajuela centro,1822,59.9,52.3,1.56,48.8,145.3,31.8,93,29.8,1.9
2025-04-04,1,alajuela centro,1895,13.4,58.3,0.11,77.6,177.9,24.1,86,21.7,2.0
2025-04-04,4,general canas,930,28.8,47.3,1.56,11.1,166.0,27.1,71,13.5,6.3
2025-04-04,9,circunvalacion,529,18.9,55.3,0.92,88.0,62.0,29.7,86,16.8,14.3
2025-04-04,13,ruta 27,217,20.7,23.8,1.93,20.8,163.5,18.3,62,19.6,15.4
2025-04-04,16,alajuela centro,1259,48.9,16.0,0.23,119.5,169.6,15.7,73,5.7,13.8
2025-04-04,18,ruta 27,836,79.6,99.2,0.95,111.3,40.9,27.0,46,2.9,11.5
2025-04-04,19,circunvalacion,1685,20.3,24.8,1.36,70.9,82.8,27.7,46,16.8,17.9
2025-04-04,20,ruta 27,1127,49.2,66.5,0.6,64.5,135.4,21.9,88,19.3,10.3
2025-04-05,4,ruta 32,1273,61.4,11.0,0.67,65.1,158.6,18.2,54,2.4,18.0
2025-04-05,11,ruta 27,1126,67.4,49.2,0.18,102.6,168.9,31.7,91,2.5,3.2
2025-04-06,0,ruta 32,1987,61.6,33.0,0.63,18.9,158.9,17.6,93,12.9,18.0
2025-04-06,1,san pedro,467,30.2,73.2,0.79,16.2,123.5,17.1,90,22.3,16.0
2025-04-06,10,circunvalacion,801,19.5,104.5,0.43,47.1,27.4,16.4,73,16.4,19.3
2025-04-06,12,san pedro,625,8.8,61.5,1.54,77.2,135.6,24.2,95,29.8,4.1
2025-04-06,14,general canas,1457,77.6,40.2,1.44,17.7,100.9,30.3,94,4.4,9.5
2025-04-06,15,circunvalacion,247,16.5,100.4,1.91,104.2,109.9,16.3,65,0.3,1.0
2025-04-07,0,ruta 27,776,24.5,92.7,0.23,114.9,132.0,20.5,64,24.6,15.8
2025-04-07,23,ruta 32,1008,24.8,40.8,1.42,10.8,135.4,26.9,42,3.9,1.7
2025-04-08,9,general canas,1673,13.4,30.7,1.67,75.0,33.7,17.4,73,20.2,16.2
2025-04-08,22,zapote,1953,61.0,36.7,1.36,45.6,106.0,20.0,53,21.1,7.7
2025-04-09,6,zapote,1939,45.5,57.7,1.46,106.9,131.8,23.0,43,29.9,9.2
2025-04-09,13,general canas,1036,77.9,105.6,1.22,19.3,130.9,24.1,85,10.8,13.2
2025-04-09,15,san pedro,1958,53.5,48.7,1.22,10.0,119.9,22.3,45,7.5,16.0
2025-04-10,16,ruta 32,1240,62.9,15.9,1.56,73.8,40.1,21.5,82,15.1,6.3
2025-04-11,4,zapote,273,47.9,34.9,0.15,66.3,135.7,17.9,62,13.5,2.6
2025-04-11,10,general canas,1346,79.3,29.4,0.48,71.6,175.0,16.0,87,13.4,11.4
2025-04-11,12,zapote,1627,54.5,53.1,0.3,54.8,97.9,17.9,78,16.0,20.0
2025-04-11,13,ruta 27,1591,41.9,63.1,1.86,16.2,82.6,22.7,40,24.1,10.3
2025-04-11,22,circunvalacion,914,24.4,104.8,1.22,114.1,41.6,29.7,51,18.9,13.0
2025-04-12,2,zapote,338,76.4,91.4,0.25,103.5,33.6,15.2,46,28.1,15.3
2025-04-12,10,san pedro,1460,34.0,29.8,1.17,26.4,76.2,23.7,58,28.5,0.5
2025-04-12,15,alajuela centro,1844,60.5,19.9,0.39,34.3,109.4,23.0,87,12.1,16.8
2025-04-12,17,zapote,1628,52.2,44.8,1.93,29.8,124.0,29.6,54,20.2,2.5
2025-04-12,22,zapote,1688,54.5,66.7,1.35,77.5,110.5,15.9,64,29.6,0.6
2025-04-13,7,san pedro,1759,13.6,102.7,1.15,14.6,115.7,26.6,92,7.6,3.5
2025-04-13,9,san pedro,729,27.4,41.3,0.76,58.2,126.5,15.3,95,16.6,13.2
2025-04-13,14,zapote,856,5.2,71.2,0.51,28.5,169.8,26.3,44,10.3,3.4
2025-04-14,22,zapote,1113,59.3,92.6,1.76,25.9,122.9,23.1,95,14.7,10.3
2025-04-14,23,ruta 32,223,63.1,86.1,0.25,116.3,167.4,30.5,65,21.4,9.0
2025-04-15,0,zapote,1678,77.4,18.2,0.63,96.5,33.7,17.0,51,10.7,2.4
2025-04-15,13,ruta 32,278,74.5,87.8,1.46,27.2,126.5,18.4,74,19.1,3.2
2025-04-15,14,circunvalacion,1642,53.7,83.3,1.07,54.7,89.0,23.8,88,9.9,2.1
2025-04-15,20,general canas,1529,69.9,39.8,1.47,73.7,73.5,20.0,72,12.9,3.5
2025-04-15,21,general canas,622,29.3,88.5,1.99,104.6,135.6,22.0,53,6.9,13.5
2025-04-16,1,general canas,1566,43.6,60.2,0.32,107.9,81.9,15.7,61,10.7,6.8
2025-04-16,19,general canas,684,61.5,23.7,1.9,42.8,174.8,18.0,59,14.3,19.5
2025-04-17,7,san pedro,930,69.9,64.0,0.7,66.0,76.1,18.1,82,19.6,8.2
2025-04-17,17,zapote,344,29.7,119.4,1.93,94.1,96.4,26.6,51,7.5,18.2
2025-04-17,18,ruta 32,685,62.5,51.3,1.48,53.0,133.3,21.2,81,19.9,6.1
2025-04-18,7,general canas,562,32.0,115.6,1.61,11.8,173.3,26.9,64,27.8,19.4
2025-04-18,9,circunvalacion,1484,27.4,27.9,0.3,58.8,175.8,29.4,93,1.5,8.9
2025-04-18,13,ruta 27,509,14.3,11.9,1.34,10.4,22.4,28.9,56,18.2,9.9
2025-04-18,14,alajuela centro,1908,67.8,76.8,0.28,26.4,53.6,25.5,85,2.9,3.3
2025-04-18,15,alajuela centro,282,21.1,13.7,1.59,47.8,29.0,30.5,43,12.9,17.1
2025-04-18,23,general canas,794,73.8,81.6,0.17,37.5,38.6,31.9,55,18.1,0.1
2025-04-19,13,general canas,607,21.7,26.3,0.13,98.3,63.8,26.6,92,25.4,12.8
2025-04-20,9,circunvalacion,218,22.5,81.6,0.4,104.1,47.8,25.6,63,2.2,3.1
2025-04-20,12,general canas,595,11.0,79.7,0.48,36.8,63.7,16.6,95,27.7,10.6
2025-04-20,15,san pedro,232,31.3,103.5,1.82,47.5,62.7,30.4,73,14.8,1.3
2025-04-20,16,ruta 27,874,36.3,111.5,0.56,73.0,43.4,20.8,41,3.8,4.1
2025-04-20,18,zapote,693,57.9,114.1,0.31,19.3,114.8,28.7,79,16.0,5.9
2025-04-20,20,circunvalacion,1704,31.9,97.4,1.84,56.2,48.6,21.8,82,0.0,3.3
2025-04-20,21,ruta 27,1861,64.1,93.1,1.3,108.2,79.9,21.4,93,1.0,17.8
2025-04-20,23,circunvalacion,1739,74.3,12.4,0.69,63.7,123.1,21.0,71,20.1,14.6
2025-04-21,3,ruta 32,1624,60.0,26.1,1.89,53.3,163.0,16.1,83,13.2,12.7
2025-04-21,4,circunvalacion,377,38.7,20.7,0.26,61.6,95.5,24.9,66,11.7,7.1
2025-04-21,6,san pedro,1825,49.5,54.0,1.65,34.1,52.1,16.7,49,8.9,17.8
2025-04-21,11,san pedro,1947,52.4,19.8,0.23,119.2,159.3,26.2,86,27.0,13.3
2025-04-21,13,alajuela centro,598,54.6,16.3,1.88,115.4,60.9,29.2,72,22.8,4.6
2025-04-22,5,general canas,660,62.3,15.3,0.64,31.2,126.3,24.9,91,14.2,19.5
2025-04-22,6,general canas,778,56.5,42.3,0.15,75.8,125.7,27.7,92,5.7,12.4
2025-04-23,2,alajuela centro,1741,15.8,17.0,0.89,73.1,164.4,15.0,45,20.7,13.4
2025-04-23,10,circunvalacion,1287,34.2,65.9,0.81,65.2,102.9,16.6,60,11.5,1.3
2025-04-23,13,ruta 27,969,79.5,51.2,0.5,87.1,111.0,15.3,83,7.0,0.1
2025-04-24,14,alajuela centro,1696,35.8,88.4,0.52,87.7,108.0,20.2,51,10.4,1.3
2025-04-24,19,zapote,1476,57.1,53.0,0.61,97.1,84.8,17.5,48,15.6,12.1
2025-04-24,23,circunvalacion,819,34.2,95.2,1.35,78.9,76.2,15.1,75,22.4,9.7
2025-04-25,0,ruta 27,1332,49.5,79.9,1.11,98.0,136.1,26.6,76,15.5,9.3
2025-04-25,2,zapote,958,19.4,12.4,0.72,26.5,29.1,32.0,87,27.5,19.4
2025-04-25,16,ruta 27,1172,54.9,95.2,0.73,90.9,70.3,24.7,56,22.0,17.6
2025-04-25,20,circunvalacion,875,79.1,40.7,0.36,106.4,73.4,23.6,93,19.5,16.9
2025-04-25,21,alajuela centro,982,11.8,100.8,0.21,95.0,28.0,19.3,42,23.8,11.9
2025-04-26,5,general canas,616,25.0,72.2,0.2,36.7,32.9,23.6,75,1.1,19.5
2025-04-26,7,alajuela centro,1804,45.2,61.8,1.38,68.3,67.0,24.5,41,2.0,9.6
2025-04-26,10,zapote,1070,52.2,116.8,1.68,26.4,58.3,25.8,42,22.4,18.2
2025-04-26,12,ruta 32,593,60.1,30.7,0.83,48.5,55.2,18.1,73,2.3,3.9
2025-04-26,15,ruta 32,319,73.5,90.3,0.3,23.5,167.4,16.1,55,11.7,9.1
2025-04-26,16,zapote,992,32.5,26.8,0.8,75.4,143.4,25.0,65,8.6,13.9
2025-04-26,17,alajuela centro,1912,52.6,20.9,1.57,47.8,149.0,30.7,72,22.6,13.9
2025-04-26,18,san pedro,1776,7.3,28.7,1.02,108.1,28.0,16.0,94,9.2,3.6
2025-04-26,20,general canas,322,13.0,69.9,1.99,74.7,123.0,16.1,87,8.0,7.0
2025-04-27,2,circunvalacion,1734,13.0,51.6,0.7,34.9,38.4,28.6,90,24.6,19.7
2025-04-27,10,circunvalacion,1520,48.2,44.4,1.94,25.6,28.0,30.0,81,5.3,10.8
2025-04-27,19,general canas,1975,49.4,82.0,0.91,84.0,52.9,23.1,42,26.8,1.4
2025-04-27,20,ruta 27,1375,43.5,33.0,0.35,99.9,174.7,18.6,51,29.8,12.6
2025-04-28,10,ruta 32,1424,27.5,104.4,1.22,90.9,176.7,24.0,44,25.9,7.0
2025-04-28,19,alajuela centro,1160,70.1,37.1,0.4,60.5,146.3,20.6,81,23.6,12.9
2025-04-28,23,alajuela centro,508,32.8,60.7,1.01,24.5,175.1,27.5,90,6.4,5.7
2025-04-29,8,ruta 32,760,22.4,20.4,1.27,87.6,133.5,29.1,43,26.8,3.9
2025-04-29,9,ruta 32,1929,76.1,61.3,1.76,20.3,134.0,20.2,75,29.1,1.9
2025-04-29,17,zapote,1200,60.0,71.3,0.89,97.0,55.0,19.2,78,5.5,19.8
2025-04-29,18,san pedro,287,42.3,68.8,1.99,114.0,147.7,27.7,67,1.0,1.1
2025-04-29,20,ruta 27,1012,12.3,23.1,1.28,92.2,82.4,27.3,46,5.3,15.0
2025-04-29,21,san pedro,1941,34.9,38.0,1.42,13.3,45.9,20.7,94,15.4,2.1
2025-04-30,10,san pedro,925,24.1,40.8,1.8,88.5,120.3,17.6,40,13.7,6.0
2025-04-30,13,general canas,1560,13.6,64.2,0.43,87.1,100.5,18.9,70,8.5,3.3
2025-04-30,15,circunvalacion,1644,39.0,36.0,0.52,66.2,60.7,20.5,93,8.2,11.0
2025-04-30,18,san pedro,400,67.2,65.1,0.82,51.7,153.7,24.5,45,21.0,0.5
2025-05-01,0,general canas,1910,15.3,87.0,1.99,111.2,93.2,17.8,47,1.2,1.0
2025-05-01,11,ruta 27,691,60.2,85.3,0.45,97.3,151.3,18.8,53,15.1,9.1
2025-05-01,12,general canas,1146,50.2,63.2,0.74,51.0,74.1,25.3,94,0.6,9.8
2025-05-01,14,alajuela centro,934,34.6,64.7,1.9,24.0,79.7,20.3,72,13.3,1.7
2025-05-01,18,alajuela centro,1648,61.5,99.8,1.27,108.4,47.9,28.6,93,6.5,15.3
2025-05-01,23,general canas,883,21.9,64.8,0.87,100.1,26.7,19.2,82,7.6,1.9
2025-05-02,1,ruta 32,1364,74.7,15.9,0.11,29.4,92.1,20.4,85,25.0,14.1
2025-05-02,7,circunvalacion,1313,73.5,90.5,1.83,117.7,114.1,26.3,75,1.3,7.0
2025-05-02,8,alajuela centro,1549,27.1,15.1,0.79,64.4,46.4,24.3,42,7.0,6.0
2025-05-02,11,ruta 27,1332,6.7,102.0,1.92,111.4,62.0,21.7,44,22.2,0.4
2025-05-02,15,zapote,532,50.5,70.1,1.54,59.1,126.2,23.6,58,0.7,2.6
2025-05-02,17,circunvalacion,1950,71.6,77.6,0.15,86.6,67.4,21.5,46,8.4,13.6
2025-05-03,2,general canas,1800,44.0,31.9,1.17,78.4,30.3,16.6,40,24.0,17.1
2025-05-03,3,circunvalacion,365,79.5,30.1,1.92,117.4,110.9,26.9,78,24.2,7.4
2025-05-03,6,ruta 27,1945,30.1,51.0,0.14,48.5,136.1,27.2,44,13.2,4.0
2025-05-03,9,zapote,1101,53.4,86.0,1.23,40.7,123.7,27.0,61,28.9,13.1
2025-05-03,17,general canas,670,50.4,63.5,1.99,52.7,25.8,26.8,63,2.4,0.1
2025-05-03,20,ruta 32,686,59.6,37.5,0.46,10.3,72.7,15.5,67,29.4,15.3
2025-05-04,2,ruta 27,230,64.2,111.4,1.92,48.9,67.3,27.4,76,2.5,0.4
2025-05-04,7,san pedro,1964,53.9,38.1,1.26,39.3,22.9,29.1,73,18.6,2.6
2025-05-04,22,san pedro,1084,62.6,98.5,0.25,105.1,177.2,27.7,42,26.9,16.9
2025-05-05,6,ruta 27,1726,78.2,17.2,1.23,38.5,112.4,17.0,79,18.7,5.2
2025-05-05,16,zapote,1760,34.2,73.1,1.76,32.1,110.4,20.5,61,9.6,15.7
2025-05-06,2,circunvalacion,368,13.2,24.4,1.78,88.9,141.7,16.2,78,23.7,19.8
2025-05-06,5,general canas,1151,42.5,51.4,0.52,69.9,67.8,31.4,70,0.5,12.4
2025-05-06,9,alajuela centro,634,68.7,70.8,0.89,118.4,103.5,24.8,51,5.9,18.7
2025-05-06,15,circunvalacion,340,43.0,16.9,1.87,94.2,113.8,30.7,92,5.0,19.4
2025-05-07,1,zapote,1125,37.8,36.9,1.74,45.7,168.2,19.9,41,25.7,17.3
2025-05-07,2,san pedro,1144,16.9,31.3,1.42,13.3,152.5,28.3,57,13.6,7.7
2025-05-07,22,ruta 27,213,55.9,118.1,0.89,44.1,90.2,18.0,73,21.2,9.9
2025-05-08,8,general canas,652,69.9,27.0,0.9,93.5,81.2,18.4,46,10.3,16.9
2025-05-08,22,circunvalacion,476,78.3,17.4,0.64,114.4,102.1,20.4,87,10.2,8.4
2025-05-09,0,zapote,1193,60.3,79.7,1.61,11.4,73.9,18.6,45,12.7,2.7
2025-05-09,2,ruta 27,1982,20.0,21.0,0.7,65.2,120.0,29.1,47,21.4,1.8
2025-05-09,4,circunvalacion,296,50.5,116.7,1.44,31.5,78.9,31.9,44,0.7,4.0
2025-05-09,9,ruta 32,1992,23.3,87.9,1.85,48.0,43.2,29.4,71,1.1,1.0
2025-05-09,13,san pedro,787,5.5,70.5,0.61,60.1,71.6,25.6,77,8.5,5.6
2025-05-09,17,alajuela centro,1845,66.6,112.9,0.56,115.9,70.5,21.5,71,27.8,13.4
2025-05-10,2,alajuela centro,1798,45.8,101.4,0.24,57.2,91.3,28.1,50,22.4,5.0
2025-05-10,4,general canas,1347,24.9,64.6,0.13,53.2,157.0,16.8,93,6.1,0.9
2025-05-10,5,alajuela centro,536,42.2,109.9,0.11,117.0,170.8,26.1,92,22.3,7.4
2025-05-10,7,alajuela centro,843,19.3,36.7,1.34,57.2,82.7,16.6,92,27.3,1.5
2025-05-10,11,circunvalacion,1805,46.0,72.4,1.74,99.5,134.7,22.4,85,16.9,11.4
2025-05-11,1,zapote,807,18.5,32.3,1.74,102.8,141.4,24.0,76,23.4,13.1
2025-05-11,9,ruta 32,335,9.3,71.3,1.62,71.5,22.0,31.6,84,15.3,10.8
2025-05-11,20,circunvalacion,1496,46.5,41.9,0.13,64.3,41.1,18.6,76,11.5,11.8
2025-05-12,8,circunvalacion,1270,26.3,40.6,0.47,26.6,107.3,30.0,76,24.4,6.1
2025-05-12,12,ruta 27,714,41.2,33.9,1.1,41.2,158.0,30.5,52,21.5,12.2
2025-05-12,15,san pedro,1071,39.3,51.4,1.22,110.5,90.0,17.9,76,1.7,10.4
2025-05-12,18,ruta 27,737,48.5,72.0,0.75,12.6,132.1,31.2,44,19.4,3.1
2025-05-13,4,general canas,1089,76.1,50.4,1.78,10.6,49.2,22.4,84,28.2,12.2
2025-05-13,12,circunvalacion,527,68.3,44.6,0.51,110.3,46.6,29.6,95,10.1,8.2
2025-05-13,23,ruta 32,1475,63.8,94.0,0.87,83.1,126.8,28.6,93,24.0,0.9
2025-05-14,0,alajuela centro,885,73.4,66.1,1.7,54.2,174.4,18.3,92,27.7,1.2
2025-05-14,5,san pedro,1434,8.6,91.8,1.99,100.6,76.0,23.2,95,3.2,10.2
2025-05-14,9,general canas,410,45.8,95.0,0.48,90.8,115.3,22.3,60,5.6,17.3
2025-05-14,10,san pedro,1896,40.3,100.3,1.02,90.6,36.8,20.1,67,29.3,8.6
2025-05-14,19,san pedro,1725,15.5,105.3,1.51,26.7,94.1,31.5,51,29.4,0.5
2025-05-14,20,alajuela centro,387,13.0,118.2,0.5,91.4,143.8,27.5,61,4.6,17.4
2025-05-15,9,zapote,645,11.1,87.1,1.08,58.0,30.0,23.5,68,8.2,2.7
2025-05-15,16,alajuela centro,784,43.6,41.4,0.82,87.4,152.4,28.6,67,11.9,15.5
2025-05-15,22,san pedro,497,19.6,98.4,1.08,30.0,175.6,26.8,94,15.1,7.0
2025-05-16,5,ruta 27,1409,9.5,114.7,0.84,74.7,58.8,18.1,57,15.0,7.1
2025-05-16,12,ruta 27,470,52.2,57.4,1.85,22.6,142.6,17.1,89,10.4,17.4
2025-05-16,16,general canas,412,74.6,23.5,0.47,37.9,117.6,25.1,70,7.9,17.9
2025-05-16,19,ruta 27,628,19.6,65.8,1.31,70.1,99.1,29.4,86,7.2,1.0
2025-05-16,22,ruta 32,320,74.9,112.3,1.94,111.9,164.4,25.0,82,29.4,13.5
2025-05-17,10,san pedro,1085,65.1,25.7,1.94,91.9,55.4,22.8,61,15.0,5.2
2025-05-17,13,general canas,394,37.6,109.3,1.68,112.3,74.7,32.0,79,24.2,0.1
2025-05-17,17,alajuela centro,1326,5.7,104.2,0.47,109.6,47.6,16.6,46,21.1,14.6
2025-05-17,19,circunvalacion,353,45.6,15.1,1.6,55.4,86.8,17.3,76,1.2,11.8
2025-05-18,6,ruta 32,1832,14.6,97.0,1.86,108.4,107.3,26.1,48,18.5,13.3
2025-05-18,15,zapote,1253,22.1,50.3,0.33,20.2,114.9,21.3,52,4.8,16.8
2025-05-19,6,zapote,225,35.8,86.0,1.15,97.4,97.8,31.0,89,2.9,19.9
2025-05-19,13,ruta 32,599,17.5,51.4,0.95,12.2,171.6,31.9,50,24.5,10.4
2025-05-19,19,ruta 32,515,39.9,17.8,0.82,25.7,41.4,24.8,50,21.0,2.6
2025-05-19,23,san pedro,1069,50.9,97.1,1.97,108.8,24.7,31.4,81,23.5,0.6
2025-05-20,4,circunvalacion,648,73.0,55.6,0.82,54.1,146.9,22.0,52,28.8,17.3
2025-05-20,7,ruta 32,1085,22.2,86.9,0.92,63.5,85.8,25.5,66,8.7,1.7
2025-05-20,12,san pedro,640,32.2,95.7,1.29,51.0,75.5,18.0,50,11.8,16.1
2025-05-20,15,ruta 32,500,38.7,23.1,0.33,44.7,63.9,15.3,67,1.1,10.1
2025-05-20,16,zapote,420,73.4,105.2,1.32,20.3,50.3,23.5,76,16.7,3.8
2025-05-20,19,zapote,290,65.1,47.2,0.89,84.1,24.2,29.6,70,26.5,11.1
2025-05-21,1,zapote,997,75.7,56.0,1.25,95.5,91.3,17.3,55,21.8,9.0
2025-05-21,6,zapote,1854,51.4,87.8,0.44,35.7,26.1,22.6,46,28.0,19.4
2025-05-21,11,alajuela centro,1982,61.5,11.9,1.85,47.2,36.1,26.4,71,16.9,19.5
2025-05-21,12,san pedro,1879,39.6,87.4,0.95,53.9,23.7,22.2,47,23.4,7.9
2025-05-21,13,general canas,513,78.5,103.4,0.81,119.7,140.8,23.7,64,7.1,8.9
2025-05-21,18,general canas,1157,37.3,40.8,0.55,91.2,55.5,21.2,90,21.1,19.6
2025-05-21,20,zapote,1481,55.0,52.8,1.45,10.5,88.5,21.1,45,21.2,19.5
2025-05-22,1,ruta 32,448,70.2,63.9,0.43,29.3,81.4,27.5,49,24.2,5.1
2025-05-22,2,ruta 32,1064,37.7,96.3,1.7,59.5,127.4,25.0,76,4.7,0.1
2025-05-22,6,alajuela centro,955,72.3,86.7,0.68,104.9,89.9,24.3,50,8.9,11.4
2025-05-22,11,circunvalacion,1906,15.5,82.7,0.57,32.4,26.2,23.3,89,25.4,11.2
2025-05-22,22,zapote,799,39.4,78.0,1.31,23.3,155.2,29.7,90,17.5,17.5
2025-05-23,0,alajuela centro,1618,30.5,111.4,1.8,104.5,173.8,15.2,62,10.4,19.7
2025-05-23,11,san pedro,1105,31.4,18.0,0.83,20.9,22.4,16.2,88,28.2,2.6
2025-05-24,1,ruta 27,1553,57.9,94.4,1.68,98.0,52.7,26.9,90,27.1,15.1
2025-05-24,9,circunvalacion,1385,73.6,76.7,1.91,16.0,161.9,25.0,40,0.4,10.7
2025-05-24,11,san pedro,1053,18.8,60.3,1.24,63.2,146.8,26.9,51,29.2,2.0
2025-05-24,13,alajuela centro,986,77.8,32.7,0.8,10.4,79.4,26.2,64,18.0,4.8
2025-05-25,3,san pedro,1384,59.6,53.4,0.5,34.1,72.1,23.6,61,23.7,16.6
2025-05-25,6,general canas,942,19.2,58.1,0.42,95.2,152.0,23.9,90,16.6,16.2
2025-05-25,11,general canas,1823,70.5,20.1,1.1,67.5,118.9,21.8,50,6.8,19.2
2025-05-25,17,ruta 27,776,53.0,50.0,1.66,30.4,127.2,31.5,75,13.1,3.4
2025-05-26,3,circunvalacion,467,77.7,79.3,0.42,85.8,109.4,20.8,81,26.4,8.3
2025-05-26,15,alajuela centro,1002,6.3,50.2,1.04,92.9,51.1,18.1,64,29.2,13.7
2025-05-26,20,ruta 27,866,50.9,99.3,1.45,62.9,154.2,26.7,80,5.2,8.7
2025-05-27,2,ruta 32,484,40.4,115.8,0.37,98.0,125.0,24.1,88,22.5,6.2
2025-05-27,10,ruta 27,905,31.0,49.2,0.96,78.8,88.7,31.4,82,24.4,5.0
2025-05-27,16,zapote,687,44.1,65.9,0.77,82.2,38.9,23.1,53,6.3,12.5
2025-05-27,18,circunvalacion,1483,20.9,56.0,0.65,46.6,64.1,24.4,70,15.1,3.2
2025-05-28,4,ruta 27,1713,47.9,43.9,1.86,13.0,141.9,17.3,42,11.9,8.5
2025-05-29,0,ruta 27,748,26.8,89.4,1.34,92.9,132.3,29.9,40,5.9,0.4
2025-05-29,3,ruta 27,528,28.6,105.6,1.28,92.9,91.4,27.8,69,4.2,14.0
2025-05-29,9,general canas,634,38.5,91.0,1.11,70.3,125.5,21.1,40,4.4,16.1
2025-05-29,11,ruta 27,774,68.3,101.8,0.97,112.2,61.4,28.2,65,12.0,12.5
2025-05-29,12,ruta 27,891,28.7,101.2,0.76,54.6,156.5,20.9,89,4.0,18.7
2025-05-29,14,san pedro,940,26.5,99.5,1.43,26.2,36.4,22.0,49,1.8,17.8
2025-05-30,2,ruta 32,569,47.3,74.0,0.21,112.3,119.8,19.6,89,17.0,11.9
2025-05-30,7,general canas,257,60.0,71.9,1.04,22.3,127.6,26.4,66,2.7,10.4
2025-05-30,9,general canas,397,67.3,58.2,0.3,50.5,121.4,16.0,67,2.3,3.9
2025-05-31,4,general canas,1600,60.9,108.2,0.57,92.6,137.1,18.0,93,4.7,14.1
2025-05-31,8,general canas,559,74.5,113.2,0.64,32.0,51.3,27.8,53,21.8,15.7
2025-05-31,12,san pedro,1096,46.3,67.2,1.56,118.0,71.1,26.9,59,18.2,0.7
2025-05-31,15,alajuela centro,868,49.6,107.7,1.52,97.1,76.1,25.2,49,19.6,10.5
2025-05-31,19,alajuela centro,1045,54.0,106.1,1.45,93.7,50.5,15.3,57,27.3,13.4
2025-05-31,20,circunvalacion,1669,25.7,27.7,1.87,69.1,136.5,19.5,83,27.2,12.4
2025-06-01,23,alajuela centro,505,27.8,77.0,1.29,95.9,35.8,20.1,52,12.8,0.0
2025-06-02,12,zapote,704,28.1,115.9,1.97,34.8,175.5,22.6,72,9.5,15.7
2025-06-02,14,ruta 27,1825,29.1,48.8,1.3,26.0,92.3,25.1,62,15.2,16.5
2025-06-02,17,ruta 32,637,22.2,97.6,0.57,82.7,105.0,28.8,69,20.3,19.4
2025-06-02,20,general canas,1555,9.5,62.6,0.11,87.5,136.2,26.7,73,12.0,8.0
2025-06-03,18,ruta 32,354,74.8,32.3,0.78,39.2,150.6,21.3,45,9.7,10.2
2025-06-04,17,alajuela centro,768,36.0,88.5,1.56,85.8,28.9,27.3,62,11.8,3.6
2025-06-05,1,ruta 32,336,23.1,12.8,1.96,37.9,125.8,18.5,53,27.8,13.1
2025-06-05,6,circunvalacion,1236,9.9,118.8,0.92,66.3,76.8,26.5,40,24.9,0.5
2025-06-05,9,alajuela centro,1020,16.5,59.7,0.45,57.6,110.0,16.9,62,5.5,12.5
2025-06-05,10,circunvalacion,1119,41.9,64.4,0.47,12.9,51.8,28.6,80,19.9,5.6
2025-06-05,17,ruta 32,539,58.2,113.4,0.97,78.3,60.5,27.3,95,23.5,11.8
2025-06-05,23,circunvalacion,1158,29.6,109.8,1.82,64.5,156.1,30.8,52,17.7,9.1
2025-06-06,5,ruta 32,1566,11.2,41.3,0.36,55.1,38.8,26.5,90,15.5,6.6
2025-06-06,10,zapote,1239,73.6,87.2,1.43,60.0,77.0,17.1,47,6.9,15.4
2025-06-06,11,san pedro,1140,68.1,49.0,1.71,94.1,45.7,29.5,64,15.1,0.7
2025-06-06,13,zapote,722,13.5,14.1,0.87,12.9,137.6,31.4,62,7.5,17.3
2025-06-06,21,circunvalacion,628,70.9,36.8,0.9,63.2,38.5,21.6,48,2.7,13.5
2025-06-07,9,alajuela centro,1319,76.2,38.8,0.36,16.3,127.6,30.4,50,23.9,14.6
2025-06-07,13,alajuela centro,1931,66.8,68.8,1.27,67.4,45.4,31.2,83,27.4,5.3
2025-06-07,18,general canas,1443,35.6,83.9,1.03,80.1,63.3,31.9,56,27.6,13.1
2025-06-07,19,ruta 32,1703,75.3,70.6,0.12,42.3,173.1,18.6,76,30.0,11.0
2025-06-07,22,ruta 32,1045,70.5,51.9,1.39,75.9,74.9,30.8,80,18.8,17.6
2025-06-08,3,ruta 27,1011,33.3,19.7,1.57,96.5,103.6,18.4,55,3.6,4.9
2025-06-08,10,zapote,1091,22.1,69.2,0.87,107.0,134.8,24.6,73,13.1,1.8
2025-06-08,11,ruta 32,898,23.3,57.5,0.14,103.3,135.7,28.9,91,0.8,16.6
2025-06-08,13,san pedro,647,69.5,85.8,0.33,94.1,60.4,21.8,59,8.2,18.4
2025-06-08,16,zapote,1553,79.6,97.7,1.17,84.3,97.8,17.2,91,2.5,18.7
2025-06-09,0,zapote,1474,52.4,51.6,0.81,39.1,117.4,17.2,59,13.8,12.1
2025-06-09,4,ruta 32,1026,70.8,60.2,1.08,98.2,43.2,31.4,79,26.6,10.2
2025-06-09,12,circunvalacion,251,71.9,91.4,0.33,98.3,131.9,16.6,77,22.7,5.5
2025-06-09,20,ruta 27,876,8.9,43.3,1.92,48.9,160.7,22.9,82,18.5,9.7
2025-06-10,4,ruta 27,1514,63.9,114.5,1.03,62.2,66.5,24.5,61,6.2,9.1
2025-06-10,7,san pedro,881,58.8,36.1,0.46,83.6,52.2,25.8,48,1.7,0.7
2025-06-10,12,san pedro,1837,75.9,56.1,0.18,47.4,147.3,20.7,94,0.1,16.2
2025-06-10,18,ruta 27,1517,27.9,96.8,0.72,54.7,79.0,19.9,47,20.0,12.2
2025-06-10,22,general canas,1257,16.4,81.7,0.63,43.2,131.7,29.5,47,21.5,5.0
2025-06-11,13,general canas,1315,64.5,16.1,1.08,80.7,172.7,25.2,43,29.5,6.5
2025-06-11,14,san pedro,1525,52.7,44.8,0.86,98.5,107.0,29.1,87,0.4,8.9
2025-06-11,17,ruta 32,1381,68.5,55.6,1.96,87.5,74.1,31.4,47,21.4,3.4
2025-06-11,22,san pedro,1734,5.8,50.8,1.5,80.5,77.1,21.1,79,4.7,15.4
2025-06-12,3,circunvalacion,615,37.0,33.8,0.26,82.7,116.6,19.7,84,1.7,17.0
2025-06-12,18,zapote,1530,38.3,112.9,0.71,20.4,39.9,22.7,87,12.8,1.0
2025-06-12,19,san pedro,1379,37.1,85.4,0.11,50.7,111.3,27.7,93,28.2,5.9
2025-06-13,5,circunvalacion,1831,21.0,118.6,0.21,19.8,71.4,31.1,89,15.7,8.1
2025-06-13,7,general canas,738,79.6,74.2,1.06,28.7,95.8,22.9,91,2.1,2.6
2025-06-13,15,general canas,1852,64.9,100.6,1.97,103.8,137.7,22.1,47,12.5,13.7
2025-06-13,19,zapote,1190,50.4,100.2,0.81,54.7,130.3,19.7,84,14.5,4.5
2025-06-14,6,alajuela centro,1077,22.3,108.1,0.82,13.9,144.3,21.2,45,24.9,6.0
2025-06-14,10,alajuela centro,1276,63.0,82.3,0.49,34.0,26.6,23.1,45,7.8,18.8
2025-06-14,14,san pedro,913,47.6,13.5,1.43,102.0,178.5,29.7,86,14.5,16.3
2025-06-14,23,general canas,973,70.7,32.6,0.12,22.0,99.4,26.7,73,24.4,6.1
2025-06-15,0,san pedro,1647,42.8,21.9,0.51,115.4,32.0,30.0,93,0.4,15.1
2025-06-15,4,san pedro,1182,38.1,58.6,1.35,108.7,159.0,28.4,56,7.9,6.9
2025-06-15,11,ruta 27,1891,67.4,62.2,1.44,20.6,49.7,24.9,42,14.2,11.9
2025-06-15,15,ruta 27,464,72.0,58.9,1.53,100.1,77.9,17.0,68,21.1,13.0
2025-06-15,18,general canas,1463,78.5,113.0,1.12,117.7,36.4,21.7,42,3.0,3.7
2025-06-16,1,ruta 32,1096,62.8,54.4,1.03,53.9,150.9,31.4,57,24.7,18.2
2025-06-16,7,general canas,394,47.2,64.3,1.58,68.5,48.4,23.4,65,12.2,11.7
2025-06-16,20,circunvalacion,249,32.7,64.3,1.9,85.8,143.1,27.1,74,6.5,2.5
2025-06-16,22,zapote,1216,74.8,44.1,0.76,120.0,143.4,15.3,91,6.7,15.4
2025-06-17,3,ruta 27,915,32.8,75.1,0.95,75.2,77.3,29.4,88,5.1,3.1
2025-06-17,5,general canas,639,54.1,10.6,1.74,42.0,41.5,20.3,89,21.3,7.6
2025-06-17,7,san pedro,1216,20.9,118.6,1.32,88.2,113.3,26.8,41,26.1,19.2
2025-06-17,8,san pedro,1497,50.7,26.1,0.72,115.9,160.0,21.1,64,21.6,13.6
2025-06-17,12,general canas,212,6.0,88.3,0.94,42.0,81.6,26.2,62,16.1,11.3
2025-06-17,18,ruta 27,730,22.6,37.2,1.8,80.9,72.2,22.2,46,4.3,8.9
2025-06-18,14,alajuela centro,477,59.9,42.0,1.32,16.0,128.5,24.0,60,11.6,11.3
2025-06-18,16,san pedro,1133,13.4,24.8,0.38,110.9,66.2,16.2,79,20.3,7.8
2025-06-19,0,alajuela centro,1592,28.3,113.1,1.36,83.4,40.4,30.6,85,9.5,4.2
2025-06-19,8,zapote,702,78.8,28.8,1.77,98.2,133.2,26.6,76,10.7,18.4
2025-06-19,20,alajuela centro,1211,31.3,103.7,1.07,117.7,145.6,23.2,85,21.6,11.1
2025-06-20,3,zapote,1015,39.9,77.5,1.62,81.3,42.5,29.8,94,19.0,7.7
2025-06-20,11,circunvalacion,614,34.9,48.6,0.48,117.0,99.0,18.1,74,11.7,17.1
2025-06-20,19,ruta 27,860,66.7,28.2,0.29,67.7,116.9,27.3,74,8.1,6.7
2025-06-20,22,circunvalacion,1729,45.9,76.3,1.4,70.1,120.1,20.6,76,28.8,2.3
2025-06-21,8,zapote,1928,12.0,77.8,0.62,56.4,115.1,25.3,51,20.3,9.6
2025-06-21,18,ruta 32,1627,22.5,33.2,1.1,105.7,123.4,17.9,80,12.2,4.2
2025-06-21,19,ruta 32,278,22.5,49.4,0.58,71.3,65.3,15.1,87,21.6,17.8
2025-06-21,23,ruta 32,298,31.5,98.0,0.74,43.4,79.5,27.9,60,29.4,3.3
2025-06-22,7,san pedro,1419,56.6,14.5,0.44,75.5,118.1,25.1,44,6.8,6.5
2025-06-22,10,circunvalacion,1133,64.6,114.3,0.84,114.3,65.8,22.1,62,14.9,19.2
2025-06-22,14,zapote,647,22.8,79.6,0.79,36.7,145.3,23.7,70,26.5,16.1
2025-06-22,17,general canas,1323,6.1,77.5,1.4,66.0,35.5,29.1,87,29.0,6.6
2025-06-22,18,zapote,991,56.1,60.6,0.54,104.1,124.6,29.9,66,6.7,14.8
2025-06-23,2,ruta 27,427,16.6,27.1,0.45,82.2,89.0,22.3,93,14.3,2.8
2025-06-23,5,general canas,1520,45.8,64.6,1.57,46.1,169.8,31.3,61,0.1,17.0
2025-06-23,6,ruta 32,518,61.5,11.0,0.36,45.7,51.7,24.4,94,6.7,17.8
2025-06-23,9,circunvalacion,1039,7.7,106.5,1.3,35.5,140.4,18.6,56,7.5,5.9
2025-06-23,13,ruta 32,1482,12.0,26.1,0.64,11.9,32.4,28.1,90,1.0,13.7
2025-06-23,16,ruta 27,1799,21.8,105.5,1.69,69.8,165.5,25.0,53,26.2,3.6
2025-06-24,1,general canas,1223,6.6,54.2,1.7,92.7,128.4,21.0,43,15.9,7.6
2025-06-24,4,zapote,1227,23.6,32.5,1.62,12.6,59.4,21.3,69,1.0,16.2
2025-06-24,5,ruta 27,417,18.1,118.2,0.71,69.6,176.9,28.2,82,13.1,5.2
2025-06-24,6,ruta 27,1384,5.9,36.3,1.58,12.5,139.4,20.7,50,22.6,0.7
2025-06-24,19,alajuela centro,1992,55.7,20.2,0.2,58.1,95.5,19.4,40,7.1,2.6
2025-06-25,3,ruta 32,1746,32.4,106.0,0.46,95.5,27.7,25.6,89,28.9,12.3
2025-06-25,9,general canas,712,72.9,15.1,1.73,108.1,26.4,18.3,91,27.0,6.7
2025-06-25,21,zapote,1038,45.8,74.8,0.15,89.9,83.1,15.8,41,27.1,0.0
2025-06-25,22,alajuela centro,608,62.1,111.8,1.42,116.4,85.9,22.4,50,1.0,8.5
2025-06-26,11,general canas,1061,54.5,23.4,0.44,26.5,152.2,25.7,64,25.2,7.8
2025-06-26,22,ruta 32,1237,45.4,42.6,1.59,61.4,67.9,31.7,73,11.7,12.8
2025-06-27,1,general canas,1383,79.3,103.7,1.66,41.6,83.5,26.5,60,20.8,10.8
2025-06-27,2,alajuela centro,1669,20.7,26.9,1.11,46.0,104.6,25.9,52,25.5,17.8
2025-06-27,10,circunvalacion,1846,57.3,81.3,1.36,51.6,48.6,32.0,86,8.9,1.7
2025-06-27,11,circunvalacion,752,22.8,86.9,1.03,49.9,119.7,23.2,55,7.7,7.7
2025-06-27,17,zapote,478,10.9,32.1,0.54,107.2,46.7,19.6,95,9.0,1.3
2025-06-27,21,general canas,836,57.3,14.6,0.93,69.3,136.2,29.3,53,5.7,2.3
2025-06-28,8,san pedro,1881,66.9,23.3,1.28,95.8,24.3,31.5,93,25.4,16.0
2025-06-28,22,ruta 32,1572,48.2,44.8,0.14,88.9,34.1,25.8,83,20.2,0.3
2025-06-29,6,zapote,803,50.4,27.7,1.64,43.2,151.7,32.0,89,18.9,17.5
2025-06-29,7,circunvalacion,936,14.4,21.2,1.64,65.8,159.3,28.7,42,25.6,14.8
2025-06-29,11,circunvalacion,689,78.9,64.9,0.67,111.7,169.7,24.0,44,0.4,6.6
2025-06-29,13,circunvalacion,1276,79.9,90.6,0.21,106.3,56.2,25.9,46,16.4,19.6
2025-06-29,14,alajuela centro,1613,41.7,54.5,1.81,45.3,157.2,17.0,53,23.7,18.6
2025-06-30,0,ruta 27,586,49.3,91.5,1.02,44.9,98.5,18.0,61,7.3,11.9
2025-06-30,9,zapote,1694,45.5,15.5,0.85,17.6,25.5,28.3,63,19.6,17.1
2025-06-30,13,ruta 27,911,29.1,109.2,1.47,62.7,150.4,24.2,61,13.8,19.9
2025-06-30,14,general canas,894,29.9,44.1,0.52,41.0,176.3,21.4,77,16.1,10.8
2025-06-30,17,general canas,1332,36.2,117.2,1.81,57.9,42.0,17.5,84,27.2,13.5
2025-06-30,18,ruta 27,1226,53.1,95.6,0.8,73.7,128.7,24.9,86,19.4,8.4
2025-07-01,0,san pedro,920,10.2,98.4,0.47,54.5,93.9,19.4,94,11.2,9.4
2025-07-01,4,alajuela centro,558,48.8,106.4,0.45,16.6,23.2,17.8,77,13.3,17.6
2025-07-01,5,circunvalacion,1508,57.8,39.5,0.18,89.4,159.8,29.5,63,13.0,1.2
2025-07-01,18,ruta 27,761,14.7,31.2,0.26,75.1,64.4,17.0,67,5.4,3.9
2025-07-01,19,ruta 27,408,55.4,51.3,0.75,26.2,159.2,24.9,50,24.5,18.2
2025-07-01,23,ruta 32,242,58.4,11.0,0.22,103.7,86.2,23.4,89,17.0,15.2
2025-07-02,4,circunvalacion,596,11.0,73.8,1.03,91.9,72.1,31.3,83,10.5,15.8
2025-07-02,16,ruta 27,1750,78.9,87.6,1.34,66.1,62.3,20.9,45,7.1,2.4
2025-07-02,21,alajuela centro,1089,74.3,49.8,1.16,86.8,179.3,16.8,46,12.7,18.6
2025-07-02,22,ruta 32,225,5.6,99.9,1.59,33.6,114.2,30.6,52,25.5,10.0
2025-07-03,9,san pedro,1537,22.4,108.9,0.24,115.4,92.9,29.1,83,18.1,0.6
2025-07-03,14,san pedro,998,14.0,34.1,1.12,116.4,93.5,19.3,49,23.9,12.4
2025-07-03,19,san pedro,1696,35.4,107.6,1.22,15.4,39.5,21.2,64,24.3,8.2
2025-07-04,0,ruta 27,1947,7.8,97.3,1.61,62.8,73.5,15.5,56,14.2,9.0
2025-07-04,2,general canas,425,32.3,97.0,0.26,48.9,26.7,29.0,60,20.4,8.5
2025-07-04,17,zapote,1427,24.9,34.3,1.72,80.0,63.5,26.7,45,11.1,16.9
2025-07-04,23,alajuela centro,1485,23.0,26.1,1.28,53.9,34.4,19.6,57,20.9,16.0
2025-07-05,4,san pedro,279,53.9,13.8,1.61,113.6,63.9,29.1,73,12.5,14.7
2025-07-05,7,ruta 27,1033,47.2,53.6,1.33,104.1,48.9,16.3,63,27.9,7.9
2025-07-05,12,circunvalacion,601,46.5,86.3,1.69,10.8,103.7,17.1,49,1.6,13.5
2025-07-05,19,circunvalacion,1586,48.2,84.4,0.95,53.1,97.7,23.0,70,19.7,17.8
2025-07-06,1,ruta 27,562,54.4,70.4,0.1,78.3,123.5,24.0,58,6.9,0.4
2025-07-06,2,zapote,1045,66.8,52.2,0.7,47.2,31.3,19.9,81,25.5,3.3
2025-07-06,4,ruta 32,1078,35.6,95.4,1.24,89.9,152.9,17.2,87,8.8,1.9
2025-07-06,9,alajuela centro,1423,23.1,41.1,1.29,17.4,167.9,22.4,83,28.5,9.7
2025-07-06,12,zapote,1464,13.5,92.6,1.52,92.1,104.7,16.3,56,15.0,7.7
2025-07-06,13,san pedro,509,17.6,35.4,1.2,97.1,80.3,21.7,49,15.3,13.7
2025-07-07,1,zapote,1913,32.0,85.9,0.25,24.0,104.9,15.8,50,4.5,16.0
2025-07-07,4,san pedro,895,36.4,49.0,1.58,42.3,123.8,20.9,91,23.1,17.4
2025-07-07,11,general canas,1677,14.7,59.7,1.34,96.4,110.7,25.2,75,19.3,3.1
2025-07-07,20,ruta 27,1771,11.5,74.8,0.38,54.8,142.5,19.6,45,3.8,9.2
2025-07-08,11,ruta 32,1053,31.9,17.0,0.37,76.3,66.4,28.9,45,23.0,1.0
2025-07-08,18,ruta 32,1850,5.6,49.6,0.8,84.3,29.7,28.6,84,0.6,7.6
2025-07-09,3,san pedro,225,34.6,22.7,1.61,52.7,108.3,17.0,86,22.5,2.3
2025-07-09,6,general canas,938,48.3,98.9,0.79,117.6,44.5,20.1,57,8.3,17.8
2025-07-09,9,san pedro,507,5.6,100.7,1.8,90.8,30.8,29.8,63,17.5,10.6
2025-07-09,20,alajuela centro,966,59.3,66.0,1.41,109.3,66.8,17.1,70,6.2,18.7
2025-07-10,3,ruta 32,1088,11.4,43.4,0.25,76.4,35.4,19.2,90,15.2,2.7
2025-07-10,19,ruta 32,508,36.4,101.3,1.42,41.0,119.6,29.5,41,8.3,12.3
2025-07-10,20,circunvalacion,1712,71.8,84.5,0.26,56.3,39.9,27.2,92,29.0,12.9
2025-07-11,2,general canas,424,41.5,26.9,0.53,82.6,116.1,30.2,70,9.2,6.6
2025-07-11,6,san pedro,1847,67.4,71.9,1.26,26.7,49.5,25.3,89,10.6,19.1
2025-07-11,8,circunvalacion,1365,25.2,102.8,0.94,83.1,120.3,20.0,89,6.8,10.1
2025-07-11,13,san pedro,838,43.0,53.8,1.93,108.8,166.3,29.7,92,16.0,11.7
2025-07-11,14,circunvalacion,1425,23.8,12.8,0.21,31.9,79.3,20.2,60,25.5,9.4
2025-07-11,15,san pedro,1487,12.8,42.9,1.22,13.8,126.5,27.4,48,3.1,1.6
2025-07-11,23,ruta 32,1023,8.6,89.0,0.32,82.8,54.0,31.3,50,5.2,15.7
2025-07-12,1,zapote,1193,58.4,34.2,1.31,55.9,123.2,21.9,81,0.6,7.7
2025-07-12,14,alajuela centro,1452,69.1,16.6,1.52,27.1,109.6,24.9,46,26.8,0.3
2025-07-12,23,general canas,891,5.2,67.5,0.82,24.8,20.9,21.0,79,3.7,0.3
2025-07-13,0,alajuela centro,1114,37.5,24.2,1.14,75.8,93.1,24.4,43,24.8,8.5
2025-07-13,5,alajuela centro,434,15.2,73.5,1.27,36.8,50.1,30.9,42,17.5,7.1
2025-07-13,13,circunvalacion,1081,56.5,74.9,0.85,103.9,113.3,18.0,69,22.6,3.3
2025-07-13,20,circunvalacion,285,73.5,101.8,0.93,77.8,169.4,17.4,73,24.1,4.6
2025-07-14,5,general canas,612,57.9,118.0,1.15,22.2,96.5,21.5,57,18.1,11.7
2025-07-14,10,alajuela centro,1347,25.1,26.3,0.64,88.3,157.9,27.0,93,22.6,0.1
2025-07-14,12,san pedro,569,74.9,19.5,1.1,43.5,155.4,30.4,57,17.5,14.7
2025-07-14,13,ruta 27,1902,39.7,83.1,1.01,36.5,73.2,24.8,61,27.8,15.3
2025-07-14,15,zapote,787,6.4,42.6,1.09,16.1,137.5,28.3,60,27.6,10.6
2025-07-14,17,san pedro,1347,18.8,93.2,1.83,117.6,122.8,31.6,80,21.1,10.9
2025-07-14,18,ruta 32,238,19.5,76.5,1.67,102.7,31.3,21.6,74,13.5,0.0
2025-07-15,7,zapote,1331,5.8,103.1,0.41,13.0,82.2,24.2,90,18.0,14.5
2025-07-15,16,circunvalacion,804,5.3,20.9,1.43,64.2,31.8,17.5,68,28.1,12.7
2025-07-16,0,ruta 27,1616,8.4,76.1,1.39,23.8,100.6,30.0,73,13.8,3.2
2025-07-16,3,alajuela centro,1935,21.5,114.4,1.67,11.1,152.6,31.1,77,0.1,3.7
2025-07-16,12,zapote,223,7.4,44.5,1.88,32.8,138.0,28.6,70,6.7,19.0
2025-07-16,15,ruta 27,1659,74.4,44.4,0.2,99.5,45.8,31.2,95,9.5,14.2
2025-07-17,2,zapote,1893,27.0,106.1,1.06,22.1,126.2,17.1,61,6.0,6.1
2025-07-17,4,zapote,1427,30.5,42.1,0.33,36.8,96.6,24.8,55,13.8,18.1
2025-07-17,10,general canas,1556,17.1,21.5,1.65,50.2,155.9,16.3,40,14.4,19.0
2025-07-17,11,general canas,566,47.0,39.0,1.25,67.6,71.5,32.0,77,23.3,17.3
2025-07-17,14,general canas,1865,68.1,31.8,0.47,62.1,27.0,26.0,42,4.0,9.3
2025-07-17,15,ruta 27,819,14.8,75.1,0.27,110.0,124.4,23.9,56,15.9,17.0
2025-07-17,20,ruta 27,900,57.1,22.3,1.11,113.8,119.6,22.6,86,29.5,5.4
2025-07-17,21,ruta 27,414,51.8,49.7,1.12,110.3,140.0,29.5,72,2.0,3.1
2025-07-17,22,ruta 27,374,17.6,78.8,0.54,37.6,84.2,19.9,76,1.2,3.5
2025-07-18,5,ruta 32,614,45.0,105.7,0.85,56.2,45.8,30.4,40,8.4,0.3
2025-07-18,11,circunvalacion,1677,67.2,112.1,0.4,51.0,106.0,30.3,52,27.9,8.7
2025-07-18,17,general canas,1398,13.4,52.0,0.14,14.5,70.3,23.0,88,5.2,15.9
2025-07-18,18,circunvalacion,593,46.9,108.7,1.39,26.6,170.9,20.0,70,0.1,17.5
2025-07-18,20,zapote,1225,54.4,27.2,0.53,87.5,102.9,28.3,87,8.2,7.3
2025-07-19,0,circunvalacion,1108,10.9,49.4,0.52,23.5,161.6,17.1,76,25.0,4.2
2025-07-19,3,alajuela centro,524,42.2,20.0,1.31,41.0,31.3,19.6,42,2.7,15.9
2025-07-19,4,general canas,1405,5.3,110.3,1.33,54.2,130.7,19.6,66,18.7,1.0
2025-07-19,12,alajuela centro,1634,9.6,74.6,1.76,14.7,173.8,31.7,40,7.6,11.3
2025-07-19,13,ruta 32,1441,52.7,64.3,1.54,48.9,49.6,30.6,59,5.3,9.0
2025-07-19,15,alajuela centro,1124,79.4,101.0,0.43,52.2,134.8,23.4,92,14.6,18.8
2025-07-19,16,san pedro,1018,16.1,44.0,0.83,110.5,22.5,25.0,48,8.0,11.4
2025-07-20,8,general canas,413,27.2,111.3,1.18,54.7,153.1,26.4,88,22.6,5.6
2025-07-20,14,circunvalacion,275,30.1,50.4,1.94,89.8,76.2,19.0,70,5.3,14.6
2025-07-20,16,san pedro,808,32.0,113.0,1.38,36.8,125.5,27.8,80,26.9,11.9
2025-07-21,10,ruta 27,1608,70.6,75.5,1.25,86.6,150.0,26.3,59,7.2,8.2
2025-07-21,22,circunvalacion,677,29.5,60.0,1.03,13.3,27.5,26.8,74,26.3,12.3
2025-07-21,23,ruta 32,1821,45.2,86.4,0.21,94.9,103.2,26.8,46,3.2,7.6
2025-07-22,10,circunvalacion,1133,31.9,48.3,1.52,53.3,164.0,22.5,86,21.0,16.7
2025-07-22,16,ruta 27,1534,48.3,102.4,1.93,37.8,107.4,25.9,89,2.8,6.5
2025-07-23,14,san pedro,455,23.9,41.6,0.84,43.1,141.1,15.5,92,4.2,5.9
2025-07-23,15,zapote,1961,33.3,11.7,1.49,80.3,129.4,22.7,67,26.9,16.3
2025-07-23,21,zapote,1198,26.2,23.2,0.13,100.3,88.6,21.7,44,22.4,2.8
2025-07-23,22,san pedro,787,48.0,15.9,1.6,20.4,75.3,19.4,80,1.5,14.3
2025-07-24,16,alajuela centro,491,50.7,80.1,1.53,68.5,58.9,22.9,89,27.5,19.6
2025-07-24,17,circunvalacion,677,20.7,32.1,1.49,68.2,127.2,19.5,63,20.6,18.2
2025-07-24,23,general canas,1501,46.7,84.0,0.72,44.1,142.3,31.5,93,13.3,13.6
2025-07-25,21,zapote,1551,36.3,120.0,1.7,67.7,33.6,25.6,67,10.7,16.9
2025-07-26,7,san pedro,1533,68.7,108.2,0.67,48.5,139.9,25.3,92,27.6,7.4
2025-07-26,9,circunvalacion,410,24.2,46.2,1.42,74.6,51.0,31.7,59,14.6,9.8
2025-07-26,10,ruta 27,1610,10.9,101.3,1.61,42.5,85.7,19.3,79,28.2,15.2
2025-07-26,17,san pedro,702,79.6,46.0,0.71,52.2,82.5,16.2,68,4.0,18.1
2025-07-27,4,alajuela centro,354,67.8,116.5,0.42,82.8,110.6,29.5,90,14.6,6.2
2025-07-27,6,ruta 27,1967,19.3,60.3,1.21,67.8,95.7,29.6,53,21.2,18.1
2025-07-27,7,general canas,1242,50.2,12.9,1.76,71.6,35.5,29.2,81,6.0,3.8
2025-07-27,19,san pedro,742,56.0,55.0,1.39,59.6,125.8,29.9,66,17.8,6.5
2025-07-27,22,ruta 27,1207,39.7,61.3,0.96,67.5,46.1,16.3,43,22.0,19.0
2025-07-28,2,san pedro,1114,40.0,77.8,1.09,100.6,38.8,22.0,57,4.8,13.3
2025-07-28,4,ruta 27,1811,13.0,107.0,1.85,41.2,116.0,17.3,88,2.5,12.7
2025-07-28,9,circunvalacion,1160,16.0,21.8,1.4,26.6,139.2,18.4,84,15.3,14.7
2025-07-28,14,circunvalacion,1860,70.0,40.4,0.54,71.0,65.6,21.3,41,26.8,11.5
2025-07-28,15,san pedro,322,53.7,49.5,1.03,18.6,163.9,16.1,74,27.8,18.8
2025-07-28,16,circunvalacion,1556,62.9,64.7,0.11,44.5,122.6,27.7,80,21.2,19.0
2025-07-28,22,alajuela centro,345,68.6,30.2,1.09,110.2,117.1,30.5,95,11.9,6.1
2025-07-29,0,ruta 27,782,21.3,55.2,0.78,32.5,110.9,21.0,82,27.7,18.0
2025-07-29,9,ruta 27,1533,25.6,76.8,0.69,101.7,127.6,31.2,88,7.3,17.1
2025-07-29,12,ruta 27,1280,58.1,98.1,1.25,15.1,96.6,27.6,65,24.5,4.6
2025-07-29,13,zapote,1722,25.3,92.5,1.46,58.2,58.1,21.5,71,20.8,12.5
2025-07-30,0,ruta 27,294,70.5,69.7,0.67,15.7,70.5,29.3,75,1.9,9.3
2025-07-30,2,general canas,1427,64.4,58.7,1.01,114.4,29.2,16.9,87,20.1,5.5
2025-07-30,19,circunvalacion,338,8.5,43.7,1.47,108.4,177.2,27.9,48,15.6,17.5
2025-07-31,2,general canas,1973,69.1,87.5,1.55,39.0,135.0,18.3,65,0.2,6.6
2025-07-31,9,alajuela centro,1049,64.2,104.6,0.85,59.0,97.2,31.1,71,29.1,6.2
2025-07-31,11,ruta 27,514,45.3,65.1,1.35,104.8,102.4,25.6,85,5.8,9.0
2025-07-31,16,ruta 32,1789,60.3,34.0,0.45,12.9,23.1,25.6,70,27.3,18.7
2025-07-31,22,zapote,1009,53.8,27.7,0.35,86.2,158.1,31.3,73,15.6,9.7
2025-08-01,7,ruta 32,1203,77.9,20.8,1.17,49.3,66.7,19.9,45,10.1,12.4
2025-08-01,12,general canas,957,73.2,70.8,0.39,86.7,105.4,24.5,87,14.8,0.1
2025-08-01,14,zapote,419,50.0,105.1,1.28,88.7,77.7,29.4,40,16.5,15.6
2025-08-01,17,zapote,1534,46.4,69.4,0.76,33.0,160.9,26.6,50,11.1,15.6
2025-08-02,5,general canas,681,27.3,82.2,1.24,66.8,121.8,24.8,89,9.3,18.6
2025-08-02,10,ruta 27,353,64.8,118.4,1.02,98.9,83.1,18.7,60,13.4,15.5
2025-08-02,19,general canas,1275,37.1,53.8,1.32,19.0,118.0,18.6,45,23.4,2.6
2025-08-02,20,general canas,305,14.6,15.0,1.33,36.7,94.2,26.6,58,27.2,3.7
2025-08-03,6,circunvalacion,664,60.5,35.9,1.4,85.2,140.5,20.9,55,17.2,9.9
2025-08-03,13,ruta 32,1104,36.2,118.3,0.35,26.0,64.6,20.5,54,26.0,16.4
2025-08-03,20,san pedro,1255,8.5,47.5,1.61,73.1,102.8,28.8,41,23.0,8.2
2025-08-04,5,zapote,525,8.5,71.5,1.99,41.2,163.0,20.2,81,25.3,11.7
2025-08-04,9,general canas,630,29.2,94.5,1.95,92.8,179.2,17.1,90,23.3,8.3
2025-08-04,10,san pedro,1075,68.0,100.5,0.21,81.7,106.9,30.1,56,21.0,19.2
2025-08-04,15,ruta 27,1404,50.2,29.3,0.49,14.5,66.8,26.5,52,11.9,0.4
2025-08-05,0,circunvalacion,459,36.3,26.3,0.54,41.1,176.7,18.1,61,2.0,16.1
2025-08-05,4,general canas,1558,40.7,85.5,1.57,113.1,54.4,30.3,92,17.8,7.0
2025-08-05,12,san pedro,1131,33.2,32.4,1.13,111.4,140.2,24.1,68,26.5,10.1
2025-08-05,19,ruta 32,1849,16.3,53.2,1.89,59.7,34.2,24.0,72,24.4,1.6
2025-08-05,21,san pedro,1693,52.8,86.4,0.79,12.3,73.6,23.3,60,24.7,7.0
2025-08-06,0,ruta 27,971,47.8,86.9,0.74,51.5,117.7,25.1,94,10.1,12.8
2025-08-06,7,circunvalacion,1638,64.2,63.5,1.26,96.4,80.1,23.5,64,0.5,14.2
2025-08-06,13,alajuela centro,1018,33.3,75.8,1.42,97.6,25.4,15.6,45,26.6,4.8
2025-08-06,15,zapote,498,34.8,40.1,1.16,68.3,93.3,22.6,79,2.5,5.1
2025-08-06,18,ruta 32,283,28.3,117.6,1.34,16.9,45.3,30.7,92,18.3,18.0
2025-08-06,22,ruta 32,947,6.8,59.4,0.58,32.1,47.7,17.1,55,14.0,12.6
2025-08-07,4,ruta 27,1469,58.4,52.7,0.69,24.9,179.5,24.8,54,21.6,5.2
2025-08-07,8,ruta 27,838,58.5,24.3,0.23,39.9,136.7,27.9,78,18.4,3.3
2025-08-07,14,general canas,1676,9.0,88.6,1.94,11.2,59.9,19.1,64,7.1,7.7
2025-08-07,17,zapote,1238,79.7,92.9,1.53,107.9,52.6,23.1,50,28.3,14.9
2025-08-07,18,zapote,1478,37.8,96.3,0.3,113.6,131.7,16.6,56,6.3,14.6
2025-08-07,21,ruta 27,1294,62.9,46.9,0.33,41.1,145.2,15.9,75,20.5,1.1
2025-08-07,22,general canas,1896,16.3,45.7,1.75,32.1,74.8,30.2,50,7.3,1.7
2025-08-08,10,circunvalacion,1174,8.6,60.9,0.14,61.9,155.6,31.3,61,9.2,2.9
2025-08-08,11,general canas,663,32.5,64.4,0.44,45.6,42.5,16.9,79,28.4,14.1
2025-08-08,15,alajuela centro,719,54.9,18.9,1.64,26.6,71.2,22.0,91,2.9,7.9
2025-08-08,23,zapote,1804,73.2,52.2,1.22,118.6,38.1,15.4,70,24.3,15.4
2025-08-09,5,ruta 27,239,36.7,101.4,0.25,70.0,95.6,15.1,78,1.8,0.3
2025-08-09,7,alajuela centro,1201,58.5,105.3,1.31,48.9,174.2,23.9,65,15.3,11.1
2025-08-09,12,circunvalacion,1929,48.4,72.4,1.41,50.9,156.8,24.0,93,2.7,10.2
2025-08-09,19,zapote,552,46.6,40.0,1.82,109.6,93.7,22.1,81,10.3,16.2
2025-08-09,21,general canas,1820,61.8,82.2,0.35,47.5,108.4,25.3,67,17.4,17.3
2025-08-10,1,circunvalacion,1073,10.9,110.0,1.3,58.4,30.5,26.7,79,6.4,12.1
2025-08-10,8,ruta 32,1618,15.8,116.6,1.23,113.6,178.4,21.3,63,8.0,19.1
2025-08-10,13,san pedro,399,30.8,69.1,1.47,93.8,116.6,17.0,53,6.3,13.4
2025-08-10,21,ruta 27,626,10.8,36.3,0.37,73.1,20.3,24.4,68,25.8,1.7
2025-08-11,7,ruta 32,1191,7.5,41.7,1.09,112.2,163.5,25.1,43,7.3,11.3
2025-08-11,8,general canas,839,43.5,25.9,0.35,98.4,134.6,30.0,62,14.7,2.9
2025-08-11,9,ruta 27,1398,34.3,10.8,1.39,67.6,166.7,30.2,95,19.4,13.5
2025-08-11,11,zapote,816,68.0,73.3,1.27,23.0,140.9,23.5,84,6.9,5.2
2025-08-11,12,ruta 27,878,74.7,34.8,1.13,95.9,102.2,29.3,54,23.7,19.0
2025-08-11,17,ruta 32,1809,71.2,119.6,0.38,48.1,168.9,30.6,66,29.0,0.4
2025-08-12,10,general canas,1628,5.2,47.4,1.28,29.7,97.4,25.5,75,18.8,9.7
2025-08-12,12,ruta 27,788,16.7,33.5,1.51,54.9,30.0,24.7,42,22.6,15.4
2025-08-12,16,alajuela centro,1514,42.6,88.0,0.6,16.5,52.8,29.9,44,14.5,11.7
2025-08-13,4,circunvalacion,1785,18.7,26.5,1.53,108.8,95.6,22.2,53,13.5,3.0
2025-08-13,10,zapote,446,73.1,118.6,1.2,63.1,82.6,21.6,42,10.6,7.6
2025-08-13,16,ruta 32,1695,51.7,64.6,0.17,30.3,95.4,18.4,65,20.6,5.2
2025-08-13,18,zapote,367,23.4,22.8,0.61,63.2,150.9,20.7,71,20.8,17.3
2025-08-13,21,circunvalacion,1748,8.6,18.0,0.22,118.2,107.8,15.6,44,5.7,9.3
2025-08-13,22,san pedro,1317,8.7,37.8,0.28,33.0,126.1,20.1,47,18.6,15.2
2025-08-14,0,ruta 27,1283,23.0,102.1,1.26,45.4,98.4,21.1,81,11.2,1.6
2025-08-14,5,general canas,903,35.3,56.8,0.65,75.6,24.1,16.9,95,29.3,7.5
2025-08-14,15,circunvalacion,1553,25.4,78.6,0.29,73.1,149.4,29.7,93,0.3,9.4
2025-08-14,21,alajuela centro,1250,24.9,47.4,1.34,113.1,108.7,30.5,61,9.4,7.9
2025-08-15,2,ruta 32,357,55.9,106.1,0.59,25.4,102.9,28.7,58,8.5,4.0
2025-08-15,3,ruta 27,996,37.4,51.2,1.58,88.7,85.6,29.8,80,18.9,8.7
2025-08-15,11,circunvalacion,928,71.0,67.5,0.34,96.5,43.8,30.7,88,21.4,14.2
2025-08-15,16,general canas,1855,15.5,73.5,1.32,12.0,132.5,28.6,43,28.4,15.6
2025-08-15,20,ruta 27,574,63.4,100.2,0.54,74.2,117.7,15.1,60,17.0,6.8
2025-08-16,2,general canas,1913,13.3,58.8,0.38,88.9,99.7,25.8,93,13.6,2.3
2025-08-16,16,zapote,556,36.4,34.9,0.95,85.9,147.1,18.1,64,23.8,4.3
2025-08-16,20,ruta 32,1588,13.4,12.6,0.87,53.0,84.8,27.0,71,29.4,2.6
2025-08-17,9,circunvalacion,690,21.9,34.4,1.57,67.7,91.3,23.3,89,8.7,16.5
2025-08-17,11,ruta 32,1461,25.3,28.7,1.79,42.3,104.6,27.5,88,8.1,11.4
2025-08-17,18,ruta 32,413,28.7,10.3,0.93,52.8,45.3,21.8,64,21.4,4.0
2025-08-17,19,ruta 27,1796,9.0,69.0,0.45,73.8,112.5,16.3,71,4.5,5.1
2025-08-17,23,zapote,1199,60.8,103.6,1.98,39.0,92.1,19.2,71,8.5,4.2
2025-08-18,12,ruta 27,1645,7.0,37.4,1.43,40.9,103.9,24.5,76,17.2,11.9
2025-08-18,14,zapote,1254,50.9,80.6,1.93,100.2,177.8,19.7,90,10.9,10.6
2025-08-18,21,zapote,968,55.0,29.2,1.62,31.4,157.8,15.2,52,29.5,18.4
2025-08-18,23,ruta 32,478,44.0,49.7,0.41,110.4,81.7,24.0,70,12.0,17.9
2025-08-19,3,ruta 27,387,20.6,22.4,0.55,25.9,48.4,30.0,91,5.4,14.9
2025-08-19,6,zapote,1430,12.6,109.5,1.16,118.5,67.2,19.5,50,22.4,1.7
2025-08-19,7,general canas,1554,41.3,13.4,1.99,34.5,83.4,27.5,43,12.0,15.7
2025-08-19,12,general canas,335,10.0,17.2,1.78,92.4,77.2,16.7,57,23.9,14.3
2025-08-19,17,ruta 32,800,42.0,79.4,0.36,84.0,33.8,21.8,58,14.3,15.9
2025-08-19,20,ruta 27,388,74.6,73.7,0.95,68.3,31.8,16.8,55,19.1,13.2
2025-08-20,0,general canas,1968,27.8,51.6,0.41,84.0,126.4,17.5,65,15.9,1.9
2025-08-20,4,zapote,816,64.1,17.1,1.4,116.9,85.5,31.7,66,3.0,13.0
2025-08-20,7,ruta 32,406,50.8,43.2,1.73,116.8,160.5,20.7,52,27.2,18.3
2025-08-20,8,zapote,1761,43.0,32.6,0.87,94.1,95.9,28.5,94,1.0,10.1
2025-08-20,9,san pedro,1090,66.6,89.3,0.64,14.9,32.3,24.2,72,19.4,16.5
2025-08-20,11,zapote,1241,42.3,91.0,1.56,14.4,176.6,19.3,56,8.8,4.9
2025-08-21,0,general canas,689,69.6,115.7,0.76,91.2,79.0,18.7,92,1.7,5.5
